https://ajax.googleapis.com/ajax/libs/webfont/1.6.26/webfont.js	assets/ajax.googleapis.com/webfont-9f87595f89.js
https://cdn.jsdelivr.net/npm/@flowbase-co/boosters-before-after-slider@1.0.1/dist/before-after-slider.min.js	assets/cdn.jsdelivr.net/before-after-slider.min-b9c11588e4.js
https://cdn.jsdelivr.net/npm/swiper@9/swiper-bundle.min.css	assets/cdn.jsdelivr.net/swiper-bundle.min-ae40d1c786.css
https://cdn.jsdelivr.net/npm/swiper@9/swiper-bundle.min.js	assets/cdn.jsdelivr.net/swiper-bundle.min-4ad75bb4e7.js
https://cdn.prod.website-files.com/634910f1d2f3b435adfff513%2F666164f499e89c568abed9bf_flutterfowdemo%20-%20Made%20with%20Clipchamp-poster-00001.jpg	assets/cdn.prod.website-files.com/666164f499e89c568abed9bf_flutterfowdemo---Made-with-Clipchamp-poster-00001-be01d54868.jpg
https://cdn.prod.website-files.com/634910f1d2f3b435adfff513%2F666164f499e89c568abed9bf_flutterfowdemo%20-%20Made%20with%20Clipchamp-transcode.mp4	assets/cdn.prod.website-files.com/666164f499e89c568abed9bf_flutterfowdemo---Made-with-Clipchamp-transcode-7e188fd3b6.mp4
https://cdn.prod.website-files.com/634910f1d2f3b435adfff513%2F666164f499e89c568abed9bf_flutterfowdemo%20-%20Made%20with%20Clipchamp-transcode.webm	assets/cdn.prod.website-files.com/666164f499e89c568abed9bf_flutterfowdemo---Made-with-Clipchamp-transcode-b4d728223c.webm
https://cdn.prod.website-files.com/634910f1d2f3b435adfff513%2F666166d9262efafaac8cbe1d_editor%20-%20Made%20with%20Clipchamp%20%281%29-poster-00001.jpg	assets/cdn.prod.website-files.com/666166d9262efafaac8cbe1d_editor---Made-with-Clipchamp-1--poster-00001-11d2c90a8a.jpg
https://cdn.prod.website-files.com/634910f1d2f3b435adfff513%2F666166d9262efafaac8cbe1d_editor%20-%20Made%20with%20Clipchamp%20%281%29-transcode.mp4	assets/cdn.prod.website-files.com/666166d9262efafaac8cbe1d_editor---Made-with-Clipchamp-1--transcode-cfc7dcd82f.mp4
https://cdn.prod.website-files.com/634910f1d2f3b435adfff513%2F666166d9262efafaac8cbe1d_editor%20-%20Made%20with%20Clipchamp%20%281%29-transcode.webm	assets/cdn.prod.website-files.com/666166d9262efafaac8cbe1d_editor---Made-with-Clipchamp-1--transcode-88d7f28786.webm
https://cdn.prod.website-files.com/634910f1d2f3b435adfff513/64402a3272a3059d4d51baba_image%2027-p-500.png	assets/cdn.prod.website-files.com/64402a3272a3059d4d51baba_image-27-p-500-84febb5bfa.png
https://cdn.prod.website-files.com/634910f1d2f3b435adfff513/64402a3272a3059d4d51baba_image%2027-p-800.png	assets/cdn.prod.website-files.com/64402a3272a3059d4d51baba_image-27-p-800-b65df68835.png
https://cdn.prod.website-files.com/634910f1d2f3b435adfff513/64402a3272a3059d4d51baba_image%2027.png	assets/cdn.prod.website-files.com/64402a3272a3059d4d51baba_image-27-28fe3df097.png
https://cdn.prod.website-files.com/634910f1d2f3b435adfff513/65222215686da0abec2a1a27_IMG-20230505-WA0033-p-1080.jpg	assets/cdn.prod.website-files.com/65222215686da0abec2a1a27_IMG-20230505-WA0033-p-1080-ef7819c3b8.jpg
https://cdn.prod.website-files.com/634910f1d2f3b435adfff513/65222215686da0abec2a1a27_IMG-20230505-WA0033-p-1600.jpg	assets/cdn.prod.website-files.com/65222215686da0abec2a1a27_IMG-20230505-WA0033-p-1600-9befb3f5e4.jpg
https://cdn.prod.website-files.com/634910f1d2f3b435adfff513/65222215686da0abec2a1a27_IMG-20230505-WA0033-p-2000.jpg	assets/cdn.prod.website-files.com/65222215686da0abec2a1a27_IMG-20230505-WA0033-p-2000-b1c2f02565.jpg
https://cdn.prod.website-files.com/634910f1d2f3b435adfff513/65222215686da0abec2a1a27_IMG-20230505-WA0033-p-500.jpg	assets/cdn.prod.website-files.com/65222215686da0abec2a1a27_IMG-20230505-WA0033-p-500-5810b7cd6c.jpg
https://cdn.prod.website-files.com/634910f1d2f3b435adfff513/65222215686da0abec2a1a27_IMG-20230505-WA0033-p-800.jpg	assets/cdn.prod.website-files.com/65222215686da0abec2a1a27_IMG-20230505-WA0033-p-800-45186159ec.jpg
https://cdn.prod.website-files.com/634910f1d2f3b435adfff513/65222215686da0abec2a1a27_IMG-20230505-WA0033.jpg	assets/cdn.prod.website-files.com/65222215686da0abec2a1a27_IMG-20230505-WA0033-58206a69b1.jpg
https://cdn.prod.website-files.com/634910f1d2f3b435adfff513/65828aeb3222e93ebf1bc5ae_crayons-Head-shotgif.gif	assets/cdn.prod.website-files.com/65828aeb3222e93ebf1bc5ae_crayons-Head-shotgif-75638eaa8c.gif
https://cdn.prod.website-files.com/634910f1d2f3b435adfff513/6582a3d0b397476447ca5598_Asset%201-p-1080.png	assets/cdn.prod.website-files.com/6582a3d0b397476447ca5598_Asset-1-p-1080-6b0b2a0fec.png
https://cdn.prod.website-files.com/634910f1d2f3b435adfff513/6582a3d0b397476447ca5598_Asset%201-p-1600.png	assets/cdn.prod.website-files.com/6582a3d0b397476447ca5598_Asset-1-p-1600-ecf13fed6c.png
https://cdn.prod.website-files.com/634910f1d2f3b435adfff513/6582a3d0b397476447ca5598_Asset%201-p-2000.png	assets/cdn.prod.website-files.com/6582a3d0b397476447ca5598_Asset-1-p-2000-ca8434207f.png
https://cdn.prod.website-files.com/634910f1d2f3b435adfff513/6582a3d0b397476447ca5598_Asset%201-p-500.png	assets/cdn.prod.website-files.com/6582a3d0b397476447ca5598_Asset-1-p-500-e262b63dd3.png
https://cdn.prod.website-files.com/634910f1d2f3b435adfff513/6582a3d0b397476447ca5598_Asset%201-p-800.png	assets/cdn.prod.website-files.com/6582a3d0b397476447ca5598_Asset-1-p-800-aa53b94558.png
https://cdn.prod.website-files.com/634910f1d2f3b435adfff513/6582a3d0b397476447ca5598_Asset%201.png	assets/cdn.prod.website-files.com/6582a3d0b397476447ca5598_Asset-1-a778969c61.png
https://cdn.prod.website-files.com/634910f1d2f3b435adfff513/6583d5da00b22da5766ae5a2_Piagets-p-1080.png	assets/cdn.prod.website-files.com/6583d5da00b22da5766ae5a2_Piagets-p-1080-a6d09747c2.png
https://cdn.prod.website-files.com/634910f1d2f3b435adfff513/6583d5da00b22da5766ae5a2_Piagets-p-500.png	assets/cdn.prod.website-files.com/6583d5da00b22da5766ae5a2_Piagets-p-500-8de62124a3.png
https://cdn.prod.website-files.com/634910f1d2f3b435adfff513/6583d5da00b22da5766ae5a2_Piagets-p-800.png	assets/cdn.prod.website-files.com/6583d5da00b22da5766ae5a2_Piagets-p-800-8d01b78309.png
https://cdn.prod.website-files.com/634910f1d2f3b435adfff513/6583d5da00b22da5766ae5a2_Piagets.png	assets/cdn.prod.website-files.com/6583d5da00b22da5766ae5a2_Piagets-9c46842c2d.png
https://cdn.prod.website-files.com/634910f1d2f3b435adfff513/6584bf84c35de3de9e6d803a_Asset%202-p-1080.png	assets/cdn.prod.website-files.com/6584bf84c35de3de9e6d803a_Asset-2-p-1080-549b468653.png
https://cdn.prod.website-files.com/634910f1d2f3b435adfff513/6584bf84c35de3de9e6d803a_Asset%202-p-1600.png	assets/cdn.prod.website-files.com/6584bf84c35de3de9e6d803a_Asset-2-p-1600-37652914a5.png
https://cdn.prod.website-files.com/634910f1d2f3b435adfff513/6584bf84c35de3de9e6d803a_Asset%202-p-2000.png	assets/cdn.prod.website-files.com/6584bf84c35de3de9e6d803a_Asset-2-p-2000-d1dd79328f.png
https://cdn.prod.website-files.com/634910f1d2f3b435adfff513/6584bf84c35de3de9e6d803a_Asset%202-p-500.png	assets/cdn.prod.website-files.com/6584bf84c35de3de9e6d803a_Asset-2-p-500-257967d825.png
https://cdn.prod.website-files.com/634910f1d2f3b435adfff513/6584bf84c35de3de9e6d803a_Asset%202-p-800.png	assets/cdn.prod.website-files.com/6584bf84c35de3de9e6d803a_Asset-2-p-800-a9457aa4e3.png
https://cdn.prod.website-files.com/634910f1d2f3b435adfff513/6584bf84c35de3de9e6d803a_Asset%202.png	assets/cdn.prod.website-files.com/6584bf84c35de3de9e6d803a_Asset-2-e68c437365.png
https://cdn.prod.website-files.com/634910f1d2f3b435adfff513/6587b541e0c14e285be12091_Group%203090-p-1080.png	assets/cdn.prod.website-files.com/6587b541e0c14e285be12091_Group-3090-p-1080-41000effec.png
https://cdn.prod.website-files.com/634910f1d2f3b435adfff513/6587b541e0c14e285be12091_Group%203090-p-1600.png	assets/cdn.prod.website-files.com/6587b541e0c14e285be12091_Group-3090-p-1600-2f708470e9.png
https://cdn.prod.website-files.com/634910f1d2f3b435adfff513/6587b541e0c14e285be12091_Group%203090-p-500.png	assets/cdn.prod.website-files.com/6587b541e0c14e285be12091_Group-3090-p-500-9962c88afb.png
https://cdn.prod.website-files.com/634910f1d2f3b435adfff513/6587b541e0c14e285be12091_Group%203090-p-800.png	assets/cdn.prod.website-files.com/6587b541e0c14e285be12091_Group-3090-p-800-47d5913e53.png
https://cdn.prod.website-files.com/634910f1d2f3b435adfff513/6587b541e0c14e285be12091_Group%203090.png	assets/cdn.prod.website-files.com/6587b541e0c14e285be12091_Group-3090-d8e35d6dd2.png
https://cdn.prod.website-files.com/634910f1d2f3b435adfff513/6587ffc3e37434461402a657_Group%203091-p-1080.png	assets/cdn.prod.website-files.com/6587ffc3e37434461402a657_Group-3091-p-1080-3c32fc225e.png
https://cdn.prod.website-files.com/634910f1d2f3b435adfff513/6587ffc3e37434461402a657_Group%203091-p-500.png	assets/cdn.prod.website-files.com/6587ffc3e37434461402a657_Group-3091-p-500-19c6f9e780.png
https://cdn.prod.website-files.com/634910f1d2f3b435adfff513/6587ffc3e37434461402a657_Group%203091-p-800.png	assets/cdn.prod.website-files.com/6587ffc3e37434461402a657_Group-3091-p-800-89c826e512.png
https://cdn.prod.website-files.com/634910f1d2f3b435adfff513/6587ffc3e37434461402a657_Group%203091.png	assets/cdn.prod.website-files.com/6587ffc3e37434461402a657_Group-3091-480953b0a8.png
https://cdn.prod.website-files.com/634910f1d2f3b435adfff513/65880070ca991623b8de05b3_Frame%203019-p-1080.png	assets/cdn.prod.website-files.com/65880070ca991623b8de05b3_Frame-3019-p-1080-7215c6a8d3.png
https://cdn.prod.website-files.com/634910f1d2f3b435adfff513/65880070ca991623b8de05b3_Frame%203019-p-1600.png	assets/cdn.prod.website-files.com/65880070ca991623b8de05b3_Frame-3019-p-1600-12fc407903.png
https://cdn.prod.website-files.com/634910f1d2f3b435adfff513/65880070ca991623b8de05b3_Frame%203019-p-500.png	assets/cdn.prod.website-files.com/65880070ca991623b8de05b3_Frame-3019-p-500-594519b5f5.png
https://cdn.prod.website-files.com/634910f1d2f3b435adfff513/65880070ca991623b8de05b3_Frame%203019-p-800.png	assets/cdn.prod.website-files.com/65880070ca991623b8de05b3_Frame-3019-p-800-48185fd618.png
https://cdn.prod.website-files.com/634910f1d2f3b435adfff513/65880070ca991623b8de05b3_Frame%203019.png	assets/cdn.prod.website-files.com/65880070ca991623b8de05b3_Frame-3019-73124a960e.png
https://cdn.prod.website-files.com/634910f1d2f3b435adfff513/658a82c8e6f232cee663e60b_Group%203094-p-500.png	assets/cdn.prod.website-files.com/658a82c8e6f232cee663e60b_Group-3094-p-500-d02939a2c7.png
https://cdn.prod.website-files.com/634910f1d2f3b435adfff513/658a82c8e6f232cee663e60b_Group%203094.png	assets/cdn.prod.website-files.com/658a82c8e6f232cee663e60b_Group-3094-15ee139d87.png
https://cdn.prod.website-files.com/634910f1d2f3b435adfff513/658a88bead8b6fae519f18f5_mullen%20test%20pic-p-1080.png	assets/cdn.prod.website-files.com/658a88bead8b6fae519f18f5_mullen-test-pic-p-1080-04a2c666e0.png
https://cdn.prod.website-files.com/634910f1d2f3b435adfff513/658a88bead8b6fae519f18f5_mullen%20test%20pic-p-1600.png	assets/cdn.prod.website-files.com/658a88bead8b6fae519f18f5_mullen-test-pic-p-1600-4817167f74.png
https://cdn.prod.website-files.com/634910f1d2f3b435adfff513/658a88bead8b6fae519f18f5_mullen%20test%20pic-p-500.png	assets/cdn.prod.website-files.com/658a88bead8b6fae519f18f5_mullen-test-pic-p-500-5d2e694c2c.png
https://cdn.prod.website-files.com/634910f1d2f3b435adfff513/658a88bead8b6fae519f18f5_mullen%20test%20pic-p-800.png	assets/cdn.prod.website-files.com/658a88bead8b6fae519f18f5_mullen-test-pic-p-800-152040e645.png
https://cdn.prod.website-files.com/634910f1d2f3b435adfff513/658a88bead8b6fae519f18f5_mullen%20test%20pic.png	assets/cdn.prod.website-files.com/658a88bead8b6fae519f18f5_mullen-test-pic-91f195888d.png
https://cdn.prod.website-files.com/634910f1d2f3b435adfff513/658ddcaebfbd251186adb7b4_Stary-night-gif.gif	assets/cdn.prod.website-files.com/658ddcaebfbd251186adb7b4_Stary-night-gif-d10e877502.gif
https://cdn.prod.website-files.com/634910f1d2f3b435adfff513/658e118830c7ba090f6d3303_game-sketches-gif.gif	assets/cdn.prod.website-files.com/658e118830c7ba090f6d3303_game-sketches-gif-7cb937862f.gif
https://cdn.prod.website-files.com/634910f1d2f3b435adfff513/658e1f9699ee608914669feb_Gamification-gif.gif	assets/cdn.prod.website-files.com/658e1f9699ee608914669feb_Gamification-gif-bf478858a5.gif
https://cdn.prod.website-files.com/634910f1d2f3b435adfff513/658e22127a397cda82f4f516_Storytelling-gif.gif	assets/cdn.prod.website-files.com/658e22127a397cda82f4f516_Storytelling-gif-e39031914a.gif
https://cdn.prod.website-files.com/634910f1d2f3b435adfff513/65905aebfe5caed434a14292_Onboarding-gif.gif	assets/cdn.prod.website-files.com/65905aebfe5caed434a14292_Onboarding-gif-86911d7323.gif
https://cdn.prod.website-files.com/634910f1d2f3b435adfff513/6595f57441f69192059c349c_Report-sharing-gif.gif	assets/cdn.prod.website-files.com/6595f57441f69192059c349c_Report-sharing-gif-4b1886170e.gif
https://cdn.prod.website-files.com/634910f1d2f3b435adfff513/6658f6d3b117ec0b9eefb7b1_AdobeStock_613768409_iphone-header-ezgif.com-optimize.gif	assets/cdn.prod.website-files.com/6658f6d3b117ec0b9eefb7b1_AdobeStock_613768409_iphone-header-ezgif.com-optimize-014df9ca0a.gif
https://cdn.prod.website-files.com/634910f1d2f3b435adfff513/6659597a41197d3a48d3d24a_Screenshot%202024-05-13%20135432-p-1080.png	assets/cdn.prod.website-files.com/6659597a41197d3a48d3d24a_Screenshot-2024-05-13-135432-p-1080-9f3b818278.png
https://cdn.prod.website-files.com/634910f1d2f3b435adfff513/6659597a41197d3a48d3d24a_Screenshot%202024-05-13%20135432-p-1600.png	assets/cdn.prod.website-files.com/6659597a41197d3a48d3d24a_Screenshot-2024-05-13-135432-p-1600-eb227e638e.png
https://cdn.prod.website-files.com/634910f1d2f3b435adfff513/6659597a41197d3a48d3d24a_Screenshot%202024-05-13%20135432-p-500.png	assets/cdn.prod.website-files.com/6659597a41197d3a48d3d24a_Screenshot-2024-05-13-135432-p-500-4054bb25f3.png
https://cdn.prod.website-files.com/634910f1d2f3b435adfff513/6659597a41197d3a48d3d24a_Screenshot%202024-05-13%20135432-p-800.png	assets/cdn.prod.website-files.com/6659597a41197d3a48d3d24a_Screenshot-2024-05-13-135432-p-800-4097284f34.png
https://cdn.prod.website-files.com/634910f1d2f3b435adfff513/6659597a41197d3a48d3d24a_Screenshot%202024-05-13%20135432.png	assets/cdn.prod.website-files.com/6659597a41197d3a48d3d24a_Screenshot-2024-05-13-135432-8fdec8e879.png
https://cdn.prod.website-files.com/634910f1d2f3b435adfff513/665e9e8b1991a37e15ea75e1_Language-transition.gif	assets/cdn.prod.website-files.com/665e9e8b1991a37e15ea75e1_Language-transition-a1515ffa4e.gif
https://cdn.prod.website-files.com/634910f1d2f3b435adfff513/665e9f8da2a651e89535ef14_response-translation.gif	assets/cdn.prod.website-files.com/665e9f8da2a651e89535ef14_response-translation-5081ac86f7.gif
https://cdn.prod.website-files.com/634910f1d2f3b435adfff513/666cb4e15dc33a78699529eb_AdobeStock_517964327_computer-header.gif	assets/cdn.prod.website-files.com/666cb4e15dc33a78699529eb_AdobeStock_517964327_computer-header-ccceb40b53.gif
https://cdn.prod.website-files.com/634910f1d2f3b435adfff513/666f4156bb61fd685786f15e_Hero%20firegen%202-p-1080.png	assets/cdn.prod.website-files.com/666f4156bb61fd685786f15e_Hero-firegen-2-p-1080-2259637d19.png
https://cdn.prod.website-files.com/634910f1d2f3b435adfff513/666f4156bb61fd685786f15e_Hero%20firegen%202-p-1600.png	assets/cdn.prod.website-files.com/666f4156bb61fd685786f15e_Hero-firegen-2-p-1600-eb9f445737.png
https://cdn.prod.website-files.com/634910f1d2f3b435adfff513/666f4156bb61fd685786f15e_Hero%20firegen%202-p-2000.png	assets/cdn.prod.website-files.com/666f4156bb61fd685786f15e_Hero-firegen-2-p-2000-043ce05f44.png
https://cdn.prod.website-files.com/634910f1d2f3b435adfff513/666f4156bb61fd685786f15e_Hero%20firegen%202-p-500.png	assets/cdn.prod.website-files.com/666f4156bb61fd685786f15e_Hero-firegen-2-p-500-13dd29e6e2.png
https://cdn.prod.website-files.com/634910f1d2f3b435adfff513/666f4156bb61fd685786f15e_Hero%20firegen%202-p-800.png	assets/cdn.prod.website-files.com/666f4156bb61fd685786f15e_Hero-firegen-2-p-800-a6ae83a61e.png
https://cdn.prod.website-files.com/634910f1d2f3b435adfff513/666f4156bb61fd685786f15e_Hero%20firegen%202.png	assets/cdn.prod.website-files.com/666f4156bb61fd685786f15e_Hero-firegen-2-a432a52923.png
https://cdn.prod.website-files.com/634910f1d2f3b435adfff513/6679b6066b44fb05f6dd79a7_PXL_20230614_183602909~2-p-1080.jpg	assets/cdn.prod.website-files.com/6679b6066b44fb05f6dd79a7_PXL_20230614_183602909-2-p-1080-f594b60499.jpg
https://cdn.prod.website-files.com/634910f1d2f3b435adfff513/6679b6066b44fb05f6dd79a7_PXL_20230614_183602909~2-p-1600.jpg	assets/cdn.prod.website-files.com/6679b6066b44fb05f6dd79a7_PXL_20230614_183602909-2-p-1600-995645fd37.jpg
https://cdn.prod.website-files.com/634910f1d2f3b435adfff513/6679b6066b44fb05f6dd79a7_PXL_20230614_183602909~2-p-500.jpg	assets/cdn.prod.website-files.com/6679b6066b44fb05f6dd79a7_PXL_20230614_183602909-2-p-500-d4664fc065.jpg
https://cdn.prod.website-files.com/634910f1d2f3b435adfff513/6679b6066b44fb05f6dd79a7_PXL_20230614_183602909~2-p-800.jpg	assets/cdn.prod.website-files.com/6679b6066b44fb05f6dd79a7_PXL_20230614_183602909-2-p-800-9a97e684ea.jpg
https://cdn.prod.website-files.com/634910f1d2f3b435adfff513/6679b6066b44fb05f6dd79a7_PXL_20230614_183602909~2.jpg	assets/cdn.prod.website-files.com/6679b6066b44fb05f6dd79a7_PXL_20230614_183602909-2-6e13043f04.jpg
https://cdn.prod.website-files.com/634910f1d2f3b435adfff513/667a052a54a07b1955d40e67_Untitledvideo-MadewithClipchamp7-ezgif.com-optimize.gif	assets/cdn.prod.website-files.com/667a052a54a07b1955d40e67_Untitledvideo-MadewithClipchamp7-ezgif.com-optimize-a6395f430d.gif
https://cdn.prod.website-files.com/634910f1d2f3b435adfff513/667a1b8e70e034515e242203_IMG_20230817_145546_798-p-1080.jpg	assets/cdn.prod.website-files.com/667a1b8e70e034515e242203_IMG_20230817_145546_798-p-1080-f3fe993fad.jpg
https://cdn.prod.website-files.com/634910f1d2f3b435adfff513/667a1b8e70e034515e242203_IMG_20230817_145546_798-p-1600.jpg	assets/cdn.prod.website-files.com/667a1b8e70e034515e242203_IMG_20230817_145546_798-p-1600-cd055b6692.jpg
https://cdn.prod.website-files.com/634910f1d2f3b435adfff513/667a1b8e70e034515e242203_IMG_20230817_145546_798-p-2000.jpg	assets/cdn.prod.website-files.com/667a1b8e70e034515e242203_IMG_20230817_145546_798-p-2000-0c3db0eedd.jpg
https://cdn.prod.website-files.com/634910f1d2f3b435adfff513/667a1b8e70e034515e242203_IMG_20230817_145546_798-p-500.jpg	assets/cdn.prod.website-files.com/667a1b8e70e034515e242203_IMG_20230817_145546_798-p-500-33dbcbc929.jpg
https://cdn.prod.website-files.com/634910f1d2f3b435adfff513/667a1b8e70e034515e242203_IMG_20230817_145546_798-p-800.jpg	assets/cdn.prod.website-files.com/667a1b8e70e034515e242203_IMG_20230817_145546_798-p-800-6dd8bff3d7.jpg
https://cdn.prod.website-files.com/634910f1d2f3b435adfff513/667a1b8e70e034515e242203_IMG_20230817_145546_798.jpg	assets/cdn.prod.website-files.com/667a1b8e70e034515e242203_IMG_20230817_145546_798-0b3668b132.jpg
https://cdn.prod.website-files.com/634910f1d2f3b435adfff513/667a1b8f7ce4944d3b7837be_IMG_20230817_143136_717-p-1080.jpg	assets/cdn.prod.website-files.com/667a1b8f7ce4944d3b7837be_IMG_20230817_143136_717-p-1080-82d5639a36.jpg
https://cdn.prod.website-files.com/634910f1d2f3b435adfff513/667a1b8f7ce4944d3b7837be_IMG_20230817_143136_717-p-1600.jpg	assets/cdn.prod.website-files.com/667a1b8f7ce4944d3b7837be_IMG_20230817_143136_717-p-1600-e957b8d224.jpg
https://cdn.prod.website-files.com/634910f1d2f3b435adfff513/667a1b8f7ce4944d3b7837be_IMG_20230817_143136_717-p-2000.jpg	assets/cdn.prod.website-files.com/667a1b8f7ce4944d3b7837be_IMG_20230817_143136_717-p-2000-d7ab32128f.jpg
https://cdn.prod.website-files.com/634910f1d2f3b435adfff513/667a1b8f7ce4944d3b7837be_IMG_20230817_143136_717-p-500.jpg	assets/cdn.prod.website-files.com/667a1b8f7ce4944d3b7837be_IMG_20230817_143136_717-p-500-c574c274e8.jpg
https://cdn.prod.website-files.com/634910f1d2f3b435adfff513/667a1b8f7ce4944d3b7837be_IMG_20230817_143136_717-p-800.jpg	assets/cdn.prod.website-files.com/667a1b8f7ce4944d3b7837be_IMG_20230817_143136_717-p-800-94f0d89f30.jpg
https://cdn.prod.website-files.com/634910f1d2f3b435adfff513/667a1b8f7ce4944d3b7837be_IMG_20230817_143136_717.jpg	assets/cdn.prod.website-files.com/667a1b8f7ce4944d3b7837be_IMG_20230817_143136_717-18f2e18775.jpg
https://cdn.prod.website-files.com/634910f1d2f3b435adfff513/667a1b8f813e6a9eb0e961bf_IMG_20230817_143546_617-p-1080.jpg	assets/cdn.prod.website-files.com/667a1b8f813e6a9eb0e961bf_IMG_20230817_143546_617-p-1080-7432d9b4c5.jpg
https://cdn.prod.website-files.com/634910f1d2f3b435adfff513/667a1b8f813e6a9eb0e961bf_IMG_20230817_143546_617-p-1600.jpg	assets/cdn.prod.website-files.com/667a1b8f813e6a9eb0e961bf_IMG_20230817_143546_617-p-1600-26fe77867e.jpg
https://cdn.prod.website-files.com/634910f1d2f3b435adfff513/667a1b8f813e6a9eb0e961bf_IMG_20230817_143546_617-p-2000.jpg	assets/cdn.prod.website-files.com/667a1b8f813e6a9eb0e961bf_IMG_20230817_143546_617-p-2000-3d42194b89.jpg
https://cdn.prod.website-files.com/634910f1d2f3b435adfff513/667a1b8f813e6a9eb0e961bf_IMG_20230817_143546_617-p-500.jpg	assets/cdn.prod.website-files.com/667a1b8f813e6a9eb0e961bf_IMG_20230817_143546_617-p-500-b9d4be76bc.jpg
https://cdn.prod.website-files.com/634910f1d2f3b435adfff513/667a1b8f813e6a9eb0e961bf_IMG_20230817_143546_617-p-800.jpg	assets/cdn.prod.website-files.com/667a1b8f813e6a9eb0e961bf_IMG_20230817_143546_617-p-800-ba9468f02b.jpg
https://cdn.prod.website-files.com/634910f1d2f3b435adfff513/667a1b8f813e6a9eb0e961bf_IMG_20230817_143546_617.jpg	assets/cdn.prod.website-files.com/667a1b8f813e6a9eb0e961bf_IMG_20230817_143546_617-e088ccfd48.jpg
https://cdn.prod.website-files.com/634910f1d2f3b435adfff513/667a1b8f8b9c617816e5ab61_IMG_20230817_152311_546-p-1080.jpg	assets/cdn.prod.website-files.com/667a1b8f8b9c617816e5ab61_IMG_20230817_152311_546-p-1080-04791b8ee7.jpg
https://cdn.prod.website-files.com/634910f1d2f3b435adfff513/667a1b8f8b9c617816e5ab61_IMG_20230817_152311_546-p-1600.jpg	assets/cdn.prod.website-files.com/667a1b8f8b9c617816e5ab61_IMG_20230817_152311_546-p-1600-4f37f0146a.jpg
https://cdn.prod.website-files.com/634910f1d2f3b435adfff513/667a1b8f8b9c617816e5ab61_IMG_20230817_152311_546-p-500.jpg	assets/cdn.prod.website-files.com/667a1b8f8b9c617816e5ab61_IMG_20230817_152311_546-p-500-6f9641c863.jpg
https://cdn.prod.website-files.com/634910f1d2f3b435adfff513/667a1b8f8b9c617816e5ab61_IMG_20230817_152311_546-p-800.jpg	assets/cdn.prod.website-files.com/667a1b8f8b9c617816e5ab61_IMG_20230817_152311_546-p-800-9ba59dcec5.jpg
https://cdn.prod.website-files.com/634910f1d2f3b435adfff513/667a1b8f8b9c617816e5ab61_IMG_20230817_152311_546.jpg	assets/cdn.prod.website-files.com/667a1b8f8b9c617816e5ab61_IMG_20230817_152311_546-61f04d4f73.jpg
https://cdn.prod.website-files.com/634910f1d2f3b435adfff513/667a1b90cd8c3f9650474f85_IMG_20230817_143837_405-p-1080.jpg	assets/cdn.prod.website-files.com/667a1b90cd8c3f9650474f85_IMG_20230817_143837_405-p-1080-d719c4a9fc.jpg
https://cdn.prod.website-files.com/634910f1d2f3b435adfff513/667a1b90cd8c3f9650474f85_IMG_20230817_143837_405-p-1600.jpg	assets/cdn.prod.website-files.com/667a1b90cd8c3f9650474f85_IMG_20230817_143837_405-p-1600-bbdd484fb7.jpg
https://cdn.prod.website-files.com/634910f1d2f3b435adfff513/667a1b90cd8c3f9650474f85_IMG_20230817_143837_405-p-2000.jpg	assets/cdn.prod.website-files.com/667a1b90cd8c3f9650474f85_IMG_20230817_143837_405-p-2000-5fbfceeafe.jpg
https://cdn.prod.website-files.com/634910f1d2f3b435adfff513/667a1b90cd8c3f9650474f85_IMG_20230817_143837_405-p-500.jpg	assets/cdn.prod.website-files.com/667a1b90cd8c3f9650474f85_IMG_20230817_143837_405-p-500-545028ea67.jpg
https://cdn.prod.website-files.com/634910f1d2f3b435adfff513/667a1b90cd8c3f9650474f85_IMG_20230817_143837_405-p-800.jpg	assets/cdn.prod.website-files.com/667a1b90cd8c3f9650474f85_IMG_20230817_143837_405-p-800-cf9d71c432.jpg
https://cdn.prod.website-files.com/634910f1d2f3b435adfff513/667a1b90cd8c3f9650474f85_IMG_20230817_143837_405.jpg	assets/cdn.prod.website-files.com/667a1b90cd8c3f9650474f85_IMG_20230817_143837_405-26fe791c86.jpg
https://cdn.prod.website-files.com/634910f1d2f3b435adfff513/667cb6f025ed08fe6304ac6c_GifMerge_1920x1484.gif	assets/cdn.prod.website-files.com/667cb6f025ed08fe6304ac6c_GifMerge_1920x1484-94d0e720e5.gif
https://cdn.prod.website-files.com/634910f1d2f3b435adfff513/667cbdc338247e88ca7a94df_ezgif.com-optimize.gif	assets/cdn.prod.website-files.com/667cbdc338247e88ca7a94df_ezgif.com-optimize-f93955aa22.gif
https://cdn.prod.website-files.com/634910f1d2f3b435adfff513/667cc281a9d68ac8e547fb9f_ezgif.com-optimize%20(3).gif	assets/cdn.prod.website-files.com/667cc281a9d68ac8e547fb9f_ezgif.com-optimize-3-21af6e7f81.gif
https://cdn.prod.website-files.com/634910f1d2f3b435adfff513/667d802a7c3735777c54b5d8_Crayon%20MCSC.png	assets/cdn.prod.website-files.com/667d802a7c3735777c54b5d8_Crayon-MCSC-386dc780b0.png
https://cdn.prod.website-files.com/634910f1d2f3b435adfff513/66945dd92ef6be6d8ca35c16_User%20Research%20firegen01-p-1080.png	assets/cdn.prod.website-files.com/66945dd92ef6be6d8ca35c16_User-Research-firegen01-p-1080-14ec09ed47.png
https://cdn.prod.website-files.com/634910f1d2f3b435adfff513/66945dd92ef6be6d8ca35c16_User%20Research%20firegen01-p-1600.png	assets/cdn.prod.website-files.com/66945dd92ef6be6d8ca35c16_User-Research-firegen01-p-1600-9a3c10ed6d.png
https://cdn.prod.website-files.com/634910f1d2f3b435adfff513/66945dd92ef6be6d8ca35c16_User%20Research%20firegen01-p-500.png	assets/cdn.prod.website-files.com/66945dd92ef6be6d8ca35c16_User-Research-firegen01-p-500-61528a81fb.png
https://cdn.prod.website-files.com/634910f1d2f3b435adfff513/66945dd92ef6be6d8ca35c16_User%20Research%20firegen01-p-800.png	assets/cdn.prod.website-files.com/66945dd92ef6be6d8ca35c16_User-Research-firegen01-p-800-dcb89096c0.png
https://cdn.prod.website-files.com/634910f1d2f3b435adfff513/66945dd92ef6be6d8ca35c16_User%20Research%20firegen01.png	assets/cdn.prod.website-files.com/66945dd92ef6be6d8ca35c16_User-Research-firegen01-8fb1190ed3.png
https://cdn.prod.website-files.com/634910f1d2f3b435adfff513/66947397c297652843b53add_User%20Research%20firegen02-p-1080.png	assets/cdn.prod.website-files.com/66947397c297652843b53add_User-Research-firegen02-p-1080-d0aa5f7a2a.png
https://cdn.prod.website-files.com/634910f1d2f3b435adfff513/66947397c297652843b53add_User%20Research%20firegen02-p-500.png	assets/cdn.prod.website-files.com/66947397c297652843b53add_User-Research-firegen02-p-500-c443cc70ee.png
https://cdn.prod.website-files.com/634910f1d2f3b435adfff513/66947397c297652843b53add_User%20Research%20firegen02-p-800.png	assets/cdn.prod.website-files.com/66947397c297652843b53add_User-Research-firegen02-p-800-09a818fe2b.png
https://cdn.prod.website-files.com/634910f1d2f3b435adfff513/66947397c297652843b53add_User%20Research%20firegen02.png	assets/cdn.prod.website-files.com/66947397c297652843b53add_User-Research-firegen02-ce598d162f.png
https://cdn.prod.website-files.com/634910f1d2f3b435adfff513/6694c0960594e4cb047ed5fa_Lou-Lenzi-2023.jpg	assets/cdn.prod.website-files.com/6694c0960594e4cb047ed5fa_Lou-Lenzi-2023-edd770853a.jpg
https://cdn.prod.website-files.com/634910f1d2f3b435adfff513/6694c0ea7e4af33294be1ec3_clnichol-p-500.png	assets/cdn.prod.website-files.com/6694c0ea7e4af33294be1ec3_clnichol-p-500-f600ea4c77.png
https://cdn.prod.website-files.com/634910f1d2f3b435adfff513/6694c0ea7e4af33294be1ec3_clnichol.png	assets/cdn.prod.website-files.com/6694c0ea7e4af33294be1ec3_clnichol-ff0f3c6fbd.png
https://cdn.prod.website-files.com/634910f1d2f3b435adfff513/66984f35eca4916f63c77c7b_Screenshot%202024-03-27%20122800-p-500.png	assets/cdn.prod.website-files.com/66984f35eca4916f63c77c7b_Screenshot-2024-03-27-122800-p-500-1baa83e4aa.png
https://cdn.prod.website-files.com/634910f1d2f3b435adfff513/66984f35eca4916f63c77c7b_Screenshot%202024-03-27%20122800-p-800.png	assets/cdn.prod.website-files.com/66984f35eca4916f63c77c7b_Screenshot-2024-03-27-122800-p-800-1d48ac98b6.png
https://cdn.prod.website-files.com/634910f1d2f3b435adfff513/66984f35eca4916f63c77c7b_Screenshot%202024-03-27%20122800.png	assets/cdn.prod.website-files.com/66984f35eca4916f63c77c7b_Screenshot-2024-03-27-122800-8f8bda81b7.png
https://cdn.prod.website-files.com/634910f1d2f3b435adfff513/66984f3643d2a49f4e2dd14d_PXL_20240219_204711391.RAW-01.COVER-p-1080.jpg	assets/cdn.prod.website-files.com/66984f3643d2a49f4e2dd14d_PXL_20240219_204711391.RAW-01.COVER-p-1080-d1c295a25c.jpg
https://cdn.prod.website-files.com/634910f1d2f3b435adfff513/66984f3643d2a49f4e2dd14d_PXL_20240219_204711391.RAW-01.COVER-p-1600.jpg	assets/cdn.prod.website-files.com/66984f3643d2a49f4e2dd14d_PXL_20240219_204711391.RAW-01.COVER-p-1600-f248bb35d7.jpg
https://cdn.prod.website-files.com/634910f1d2f3b435adfff513/66984f3643d2a49f4e2dd14d_PXL_20240219_204711391.RAW-01.COVER-p-2000.jpg	assets/cdn.prod.website-files.com/66984f3643d2a49f4e2dd14d_PXL_20240219_204711391.RAW-01.COVER-p-2000-c74e55749f.jpg
https://cdn.prod.website-files.com/634910f1d2f3b435adfff513/66984f3643d2a49f4e2dd14d_PXL_20240219_204711391.RAW-01.COVER-p-2600.jpg	assets/cdn.prod.website-files.com/66984f3643d2a49f4e2dd14d_PXL_20240219_204711391.RAW-01.COVER-p-2600-49b57d0f4c.jpg
https://cdn.prod.website-files.com/634910f1d2f3b435adfff513/66984f3643d2a49f4e2dd14d_PXL_20240219_204711391.RAW-01.COVER-p-500.jpg	assets/cdn.prod.website-files.com/66984f3643d2a49f4e2dd14d_PXL_20240219_204711391.RAW-01.COVER-p-500-598b8247a1.jpg
https://cdn.prod.website-files.com/634910f1d2f3b435adfff513/66984f3643d2a49f4e2dd14d_PXL_20240219_204711391.RAW-01.COVER-p-800.jpg	assets/cdn.prod.website-files.com/66984f3643d2a49f4e2dd14d_PXL_20240219_204711391.RAW-01.COVER-p-800-484e4a40c9.jpg
https://cdn.prod.website-files.com/634910f1d2f3b435adfff513/66984f3643d2a49f4e2dd14d_PXL_20240219_204711391.RAW-01.COVER.jpg	assets/cdn.prod.website-files.com/66984f3643d2a49f4e2dd14d_PXL_20240219_204711391.RAW-01.COVER-fae061393f.jpg
https://cdn.prod.website-files.com/634910f1d2f3b435adfff513/66984fcc427b72d6e2697e26_MicrosoftTeams-image%20(2)-p-500.jpg	assets/cdn.prod.website-files.com/66984fcc427b72d6e2697e26_MicrosoftTeams-image-2--p-500-2f4f59d561.jpg
https://cdn.prod.website-files.com/634910f1d2f3b435adfff513/66984fcc427b72d6e2697e26_MicrosoftTeams-image%20(2)-p-800.jpg	assets/cdn.prod.website-files.com/66984fcc427b72d6e2697e26_MicrosoftTeams-image-2--p-800-229c5c5fd2.jpg
https://cdn.prod.website-files.com/634910f1d2f3b435adfff513/66984fcc427b72d6e2697e26_MicrosoftTeams-image%20(2).jpg	assets/cdn.prod.website-files.com/66984fcc427b72d6e2697e26_MicrosoftTeams-image-2-3c881fd43d.jpg
https://cdn.prod.website-files.com/634910f1d2f3b435adfff513/66984fcccbc93012fb507cec_MicrosoftTeams-image%20(1)-p-500.jpg	assets/cdn.prod.website-files.com/66984fcccbc93012fb507cec_MicrosoftTeams-image-1--p-500-5f5a5177ad.jpg
https://cdn.prod.website-files.com/634910f1d2f3b435adfff513/66984fcccbc93012fb507cec_MicrosoftTeams-image%20(1)-p-800.jpg	assets/cdn.prod.website-files.com/66984fcccbc93012fb507cec_MicrosoftTeams-image-1--p-800-db1bdd7777.jpg
https://cdn.prod.website-files.com/634910f1d2f3b435adfff513/66984fcccbc93012fb507cec_MicrosoftTeams-image%20(1).jpg	assets/cdn.prod.website-files.com/66984fcccbc93012fb507cec_MicrosoftTeams-image-1-afa08e2fd9.jpg
https://cdn.prod.website-files.com/634910f1d2f3b435adfff513/66984fcdc7bf81d56b1d0368_IMG_6957-p-1080.jpeg	assets/cdn.prod.website-files.com/66984fcdc7bf81d56b1d0368_IMG_6957-p-1080-17dc3d8263.jpeg
https://cdn.prod.website-files.com/634910f1d2f3b435adfff513/66984fcdc7bf81d56b1d0368_IMG_6957-p-1600.jpeg	assets/cdn.prod.website-files.com/66984fcdc7bf81d56b1d0368_IMG_6957-p-1600-ccdd528e46.jpeg
https://cdn.prod.website-files.com/634910f1d2f3b435adfff513/66984fcdc7bf81d56b1d0368_IMG_6957-p-2000.jpeg	assets/cdn.prod.website-files.com/66984fcdc7bf81d56b1d0368_IMG_6957-p-2000-19fabeb1ca.jpeg
https://cdn.prod.website-files.com/634910f1d2f3b435adfff513/66984fcdc7bf81d56b1d0368_IMG_6957-p-2600.jpeg	assets/cdn.prod.website-files.com/66984fcdc7bf81d56b1d0368_IMG_6957-p-2600-b99ba64385.jpeg
https://cdn.prod.website-files.com/634910f1d2f3b435adfff513/66984fcdc7bf81d56b1d0368_IMG_6957-p-500.jpeg	assets/cdn.prod.website-files.com/66984fcdc7bf81d56b1d0368_IMG_6957-p-500-30db7b1cda.jpeg
https://cdn.prod.website-files.com/634910f1d2f3b435adfff513/66984fcdc7bf81d56b1d0368_IMG_6957-p-800.jpeg	assets/cdn.prod.website-files.com/66984fcdc7bf81d56b1d0368_IMG_6957-p-800-3189c93229.jpeg
https://cdn.prod.website-files.com/634910f1d2f3b435adfff513/66984fcdc7bf81d56b1d0368_IMG_6957.jpeg	assets/cdn.prod.website-files.com/66984fcdc7bf81d56b1d0368_IMG_6957-1904bd79dc.jpeg
https://cdn.prod.website-files.com/634910f1d2f3b435adfff513/66989cab6e64459b7d31defa_PXL_20230105_154122716-p-1080.jpg	assets/cdn.prod.website-files.com/66989cab6e64459b7d31defa_PXL_20230105_154122716-p-1080-a2ddebcc69.jpg
https://cdn.prod.website-files.com/634910f1d2f3b435adfff513/66989cab6e64459b7d31defa_PXL_20230105_154122716-p-500.jpg	assets/cdn.prod.website-files.com/66989cab6e64459b7d31defa_PXL_20230105_154122716-p-500-6f08403c54.jpg
https://cdn.prod.website-files.com/634910f1d2f3b435adfff513/66989cab6e64459b7d31defa_PXL_20230105_154122716-p-800.jpg	assets/cdn.prod.website-files.com/66989cab6e64459b7d31defa_PXL_20230105_154122716-p-800-84a594d789.jpg
https://cdn.prod.website-files.com/634910f1d2f3b435adfff513/66989cab6e64459b7d31defa_PXL_20230105_154122716.jpg	assets/cdn.prod.website-files.com/66989cab6e64459b7d31defa_PXL_20230105_154122716-9678c0dc46.jpg
https://cdn.prod.website-files.com/634910f1d2f3b435adfff513/6699a0bb5a9cf65ffbec9d50_Frame%20136-p-1080.png	assets/cdn.prod.website-files.com/6699a0bb5a9cf65ffbec9d50_Frame-136-p-1080-660ab3f89b.png
https://cdn.prod.website-files.com/634910f1d2f3b435adfff513/6699a0bb5a9cf65ffbec9d50_Frame%20136-p-500.png	assets/cdn.prod.website-files.com/6699a0bb5a9cf65ffbec9d50_Frame-136-p-500-4ac6bafe50.png
https://cdn.prod.website-files.com/634910f1d2f3b435adfff513/6699a0bb5a9cf65ffbec9d50_Frame%20136-p-800.png	assets/cdn.prod.website-files.com/6699a0bb5a9cf65ffbec9d50_Frame-136-p-800-88605ddcd2.png
https://cdn.prod.website-files.com/634910f1d2f3b435adfff513/6699a0bb5a9cf65ffbec9d50_Frame%20136.png	assets/cdn.prod.website-files.com/6699a0bb5a9cf65ffbec9d50_Frame-136-1861e476e1.png
https://cdn.prod.website-files.com/634910f1d2f3b435adfff513/66a1530a4b353064ad12af46_Oliva%20Stewart%20educatio%20Coordinator.jpg	assets/cdn.prod.website-files.com/66a1530a4b353064ad12af46_Oliva-Stewart-educatio-Coordinator-533c8ec321.jpg
https://cdn.prod.website-files.com/634910f1d2f3b435adfff513/66a2d09362842150a68962ad_Asset%207.png	assets/cdn.prod.website-files.com/66a2d09362842150a68962ad_Asset-7-d2b1b46657.png
https://cdn.prod.website-files.com/634910f1d2f3b435adfff513/66a2d0974256169a94f7f89a_Asset%206.png	assets/cdn.prod.website-files.com/66a2d0974256169a94f7f89a_Asset-6-f189861883.png
https://cdn.prod.website-files.com/634910f1d2f3b435adfff513/66fa5cd87e3a47c2905a5418_valorant%20website%20gif.gif	assets/cdn.prod.website-files.com/66fa5cd87e3a47c2905a5418_valorant-website-gif-e0cf270a83.gif
https://cdn.prod.website-files.com/634910f1d2f3b435adfff513/673e2f442bb65505c77fadbd_Group%2015924-p-1080.png	assets/cdn.prod.website-files.com/673e2f442bb65505c77fadbd_Group-15924-p-1080-35f4e00e09.png
https://cdn.prod.website-files.com/634910f1d2f3b435adfff513/673e2f442bb65505c77fadbd_Group%2015924-p-1600.png	assets/cdn.prod.website-files.com/673e2f442bb65505c77fadbd_Group-15924-p-1600-a474459fef.png
https://cdn.prod.website-files.com/634910f1d2f3b435adfff513/673e2f442bb65505c77fadbd_Group%2015924-p-2000.png	assets/cdn.prod.website-files.com/673e2f442bb65505c77fadbd_Group-15924-p-2000-e7d8cef602.png
https://cdn.prod.website-files.com/634910f1d2f3b435adfff513/673e2f442bb65505c77fadbd_Group%2015924-p-2600.png	assets/cdn.prod.website-files.com/673e2f442bb65505c77fadbd_Group-15924-p-2600-e082870771.png
https://cdn.prod.website-files.com/634910f1d2f3b435adfff513/673e2f442bb65505c77fadbd_Group%2015924-p-500.png	assets/cdn.prod.website-files.com/673e2f442bb65505c77fadbd_Group-15924-p-500-4361f526f6.png
https://cdn.prod.website-files.com/634910f1d2f3b435adfff513/673e2f442bb65505c77fadbd_Group%2015924-p-800.png	assets/cdn.prod.website-files.com/673e2f442bb65505c77fadbd_Group-15924-p-800-a26341df56.png
https://cdn.prod.website-files.com/634910f1d2f3b435adfff513/673e2f442bb65505c77fadbd_Group%2015924.png	assets/cdn.prod.website-files.com/673e2f442bb65505c77fadbd_Group-15924-0bd1b87735.png
https://cdn.prod.website-files.com/634910f1d2f3b435adfff513/673e394046882762e9ef9df2_440973949_401708232731181_1205205474688865757_n-p-1080.jpg	assets/cdn.prod.website-files.com/673e394046882762e9ef9df2_440973949_401708232731181_1205205474688865757_n-p-1080-3bee5d014e.jpg
https://cdn.prod.website-files.com/634910f1d2f3b435adfff513/673e394046882762e9ef9df2_440973949_401708232731181_1205205474688865757_n-p-500.jpg	assets/cdn.prod.website-files.com/673e394046882762e9ef9df2_440973949_401708232731181_1205205474688865757_n-p-500-c60f46529a.jpg
https://cdn.prod.website-files.com/634910f1d2f3b435adfff513/673e394046882762e9ef9df2_440973949_401708232731181_1205205474688865757_n-p-800.jpg	assets/cdn.prod.website-files.com/673e394046882762e9ef9df2_440973949_401708232731181_1205205474688865757_n-p-800-7fe6ade36b.jpg
https://cdn.prod.website-files.com/634910f1d2f3b435adfff513/673e394046882762e9ef9df2_440973949_401708232731181_1205205474688865757_n.jpg	assets/cdn.prod.website-files.com/673e394046882762e9ef9df2_440973949_401708232731181_1205205474688865757_n-42c0db5b1e.jpg
https://cdn.prod.website-files.com/634910f1d2f3b435adfff513/673e3941d15274e9bf684707_IMG_0028-p-1080.jpg	assets/cdn.prod.website-files.com/673e3941d15274e9bf684707_IMG_0028-p-1080-cc0ca9078b.jpg
https://cdn.prod.website-files.com/634910f1d2f3b435adfff513/673e3941d15274e9bf684707_IMG_0028-p-1600.jpg	assets/cdn.prod.website-files.com/673e3941d15274e9bf684707_IMG_0028-p-1600-fb162b9934.jpg
https://cdn.prod.website-files.com/634910f1d2f3b435adfff513/673e3941d15274e9bf684707_IMG_0028-p-2000.jpg	assets/cdn.prod.website-files.com/673e3941d15274e9bf684707_IMG_0028-p-2000-88dd91e4e9.jpg
https://cdn.prod.website-files.com/634910f1d2f3b435adfff513/673e3941d15274e9bf684707_IMG_0028-p-2600.jpg	assets/cdn.prod.website-files.com/673e3941d15274e9bf684707_IMG_0028-p-2600-42eb2ff80f.jpg
https://cdn.prod.website-files.com/634910f1d2f3b435adfff513/673e3941d15274e9bf684707_IMG_0028-p-500.jpg	assets/cdn.prod.website-files.com/673e3941d15274e9bf684707_IMG_0028-p-500-6d91609f26.jpg
https://cdn.prod.website-files.com/634910f1d2f3b435adfff513/673e3941d15274e9bf684707_IMG_0028-p-800.jpg	assets/cdn.prod.website-files.com/673e3941d15274e9bf684707_IMG_0028-p-800-54cfe24d26.jpg
https://cdn.prod.website-files.com/634910f1d2f3b435adfff513/673e3941d15274e9bf684707_IMG_0028.JPG	assets/cdn.prod.website-files.com/673e3941d15274e9bf684707_IMG_0028-21ed9c3e29.JPG
https://cdn.prod.website-files.com/634910f1d2f3b435adfff513/675273f92f266cf61efa351c_Vector%202%20(Stroke).png	assets/cdn.prod.website-files.com/675273f92f266cf61efa351c_Vector-2-Stroke-46fada62cc.png
https://cdn.prod.website-files.com/634910f1d2f3b435adfff513/675a400ff4832bc60b8ad725__MG_1370-p-1080.jpg	assets/cdn.prod.website-files.com/675a400ff4832bc60b8ad725__MG_1370-p-1080-10afcdffd7.jpg
https://cdn.prod.website-files.com/634910f1d2f3b435adfff513/675a400ff4832bc60b8ad725__MG_1370-p-1600.jpg	assets/cdn.prod.website-files.com/675a400ff4832bc60b8ad725__MG_1370-p-1600-c3475ad284.jpg
https://cdn.prod.website-files.com/634910f1d2f3b435adfff513/675a400ff4832bc60b8ad725__MG_1370-p-2000.jpg	assets/cdn.prod.website-files.com/675a400ff4832bc60b8ad725__MG_1370-p-2000-cd84ccfc65.jpg
https://cdn.prod.website-files.com/634910f1d2f3b435adfff513/675a400ff4832bc60b8ad725__MG_1370-p-500.jpg	assets/cdn.prod.website-files.com/675a400ff4832bc60b8ad725__MG_1370-p-500-ce8e44914c.jpg
https://cdn.prod.website-files.com/634910f1d2f3b435adfff513/675a400ff4832bc60b8ad725__MG_1370-p-800.jpg	assets/cdn.prod.website-files.com/675a400ff4832bc60b8ad725__MG_1370-p-800-0b15b75efb.jpg
https://cdn.prod.website-files.com/634910f1d2f3b435adfff513/675a400ff4832bc60b8ad725__MG_1370.jpg	assets/cdn.prod.website-files.com/675a400ff4832bc60b8ad725__MG_1370-3569ce5e86.jpg
https://cdn.prod.website-files.com/634910f1d2f3b435adfff513/675a55757e0ef8e03fa5ca99_Food%20Pantry%20Student%20Project%20Overview%20-%20frame%20at%202m12s-p-1080.jpg	assets/cdn.prod.website-files.com/675a55757e0ef8e03fa5ca99_Food-Pantry-Student-Project-Overview---frame-at-2m12s-p-1080-1ee077dc39.jpg
https://cdn.prod.website-files.com/634910f1d2f3b435adfff513/675a55757e0ef8e03fa5ca99_Food%20Pantry%20Student%20Project%20Overview%20-%20frame%20at%202m12s-p-500.jpg	assets/cdn.prod.website-files.com/675a55757e0ef8e03fa5ca99_Food-Pantry-Student-Project-Overview---frame-at-2m12s-p-500-4914f307e8.jpg
https://cdn.prod.website-files.com/634910f1d2f3b435adfff513/675a55757e0ef8e03fa5ca99_Food%20Pantry%20Student%20Project%20Overview%20-%20frame%20at%202m12s-p-800.jpg	assets/cdn.prod.website-files.com/675a55757e0ef8e03fa5ca99_Food-Pantry-Student-Project-Overview---frame-at-2m12s-p-800-9090b12697.jpg
https://cdn.prod.website-files.com/634910f1d2f3b435adfff513/675a55757e0ef8e03fa5ca99_Food%20Pantry%20Student%20Project%20Overview%20-%20frame%20at%202m12s.jpg	assets/cdn.prod.website-files.com/675a55757e0ef8e03fa5ca99_Food-Pantry-Student-Project-Overview---frame-at-2m12s-271fd07171.jpg
https://cdn.prod.website-files.com/634910f1d2f3b435adfff513/67c3ae1ecfab3276520114e2_ANA%20logo_dark.png	assets/cdn.prod.website-files.com/67c3ae1ecfab3276520114e2_ANA-logo_dark-ed06f95780.png
https://cdn.prod.website-files.com/634910f1d2f3b435adfff513/67c3b93e479d760fe2f17a64_Brand%20hyperlink%20arrow.png	assets/cdn.prod.website-files.com/67c3b93e479d760fe2f17a64_Brand-hyperlink-arrow-294a7c5550.png
https://cdn.prod.website-files.com/634910f1d2f3b435adfff513/67c74f651dbc9681af501d0e_LETS%20CONNECT.png	assets/cdn.prod.website-files.com/67c74f651dbc9681af501d0e_LETS-CONNECT-d79eb84146.png
https://cdn.prod.website-files.com/634910f1d2f3b435adfff513/67c751cbd1cb1275a4deb04f_Vector-p-1080.png	assets/cdn.prod.website-files.com/67c751cbd1cb1275a4deb04f_Vector-p-1080-70cf984b9b.png
https://cdn.prod.website-files.com/634910f1d2f3b435adfff513/67c751cbd1cb1275a4deb04f_Vector-p-500.png	assets/cdn.prod.website-files.com/67c751cbd1cb1275a4deb04f_Vector-p-500-5ed419e6ec.png
https://cdn.prod.website-files.com/634910f1d2f3b435adfff513/67c751cbd1cb1275a4deb04f_Vector-p-800.png	assets/cdn.prod.website-files.com/67c751cbd1cb1275a4deb04f_Vector-p-800-f17ed29a23.png
https://cdn.prod.website-files.com/634910f1d2f3b435adfff513/67c751cbd1cb1275a4deb04f_Vector.png	assets/cdn.prod.website-files.com/67c751cbd1cb1275a4deb04f_Vector-d3284f0e88.png
https://cdn.prod.website-files.com/634910f1d2f3b435adfff513/67c780109ed13cbe76967fcc_Group%2026086346%202-p-500.png	assets/cdn.prod.website-files.com/67c780109ed13cbe76967fcc_Group-26086346-2-p-500-dd8375c056.png
https://cdn.prod.website-files.com/634910f1d2f3b435adfff513/67c780109ed13cbe76967fcc_Group%2026086346%202.png	assets/cdn.prod.website-files.com/67c780109ed13cbe76967fcc_Group-26086346-2-2b9c3a297d.png
https://cdn.prod.website-files.com/634910f1d2f3b435adfff513/67c7b27105b66f93baf3beb7_square%20o.png	assets/cdn.prod.website-files.com/67c7b27105b66f93baf3beb7_square-o-5a223c45ec.png
https://cdn.prod.website-files.com/634910f1d2f3b435adfff513/67c8986ac35ecc5c0ee8a7d6_Rectangle%20894-p-500.png	assets/cdn.prod.website-files.com/67c8986ac35ecc5c0ee8a7d6_Rectangle-894-p-500-64b7e1ca55.png
https://cdn.prod.website-files.com/634910f1d2f3b435adfff513/67c8986ac35ecc5c0ee8a7d6_Rectangle%20894.png	assets/cdn.prod.website-files.com/67c8986ac35ecc5c0ee8a7d6_Rectangle-894-2d1f51b1bf.png
https://cdn.prod.website-files.com/634910f1d2f3b435adfff513/67c8ec80f8193f750ff921c7_pixel%20rocket%20gif.gif	assets/cdn.prod.website-files.com/67c8ec80f8193f750ff921c7_pixel-rocket-gif-f4555971d9.gif
https://cdn.prod.website-files.com/634910f1d2f3b435adfff513/67d13512539234d82b67d25b_TMF%20mob%201-p-1080.png	assets/cdn.prod.website-files.com/67d13512539234d82b67d25b_TMF-mob-1-p-1080-f5f43f71c0.png
https://cdn.prod.website-files.com/634910f1d2f3b435adfff513/67d13512539234d82b67d25b_TMF%20mob%201-p-500.png	assets/cdn.prod.website-files.com/67d13512539234d82b67d25b_TMF-mob-1-p-500-5cfd0add0b.png
https://cdn.prod.website-files.com/634910f1d2f3b435adfff513/67d13512539234d82b67d25b_TMF%20mob%201-p-800.png	assets/cdn.prod.website-files.com/67d13512539234d82b67d25b_TMF-mob-1-p-800-42779e268e.png
https://cdn.prod.website-files.com/634910f1d2f3b435adfff513/67d13512539234d82b67d25b_TMF%20mob%201.png	assets/cdn.prod.website-files.com/67d13512539234d82b67d25b_TMF-mob-1-a8944d9c22.png
https://cdn.prod.website-files.com/634910f1d2f3b435adfff513/67d13512d9f735cd0d05f213_Redlab%20mob%201-p-1080.png	assets/cdn.prod.website-files.com/67d13512d9f735cd0d05f213_Redlab-mob-1-p-1080-3e4876b817.png
https://cdn.prod.website-files.com/634910f1d2f3b435adfff513/67d13512d9f735cd0d05f213_Redlab%20mob%201-p-500.png	assets/cdn.prod.website-files.com/67d13512d9f735cd0d05f213_Redlab-mob-1-p-500-e0bdc16a83.png
https://cdn.prod.website-files.com/634910f1d2f3b435adfff513/67d13512d9f735cd0d05f213_Redlab%20mob%201-p-800.png	assets/cdn.prod.website-files.com/67d13512d9f735cd0d05f213_Redlab-mob-1-p-800-1883e824b3.png
https://cdn.prod.website-files.com/634910f1d2f3b435adfff513/67d13512d9f735cd0d05f213_Redlab%20mob%201.png	assets/cdn.prod.website-files.com/67d13512d9f735cd0d05f213_Redlab-mob-1-91c6802bf6.png
https://cdn.prod.website-files.com/634910f1d2f3b435adfff513/67d13513cde2ed7a62f588b4_Crayon%20mob%201-p-1080.png	assets/cdn.prod.website-files.com/67d13513cde2ed7a62f588b4_Crayon-mob-1-p-1080-876554e6ef.png
https://cdn.prod.website-files.com/634910f1d2f3b435adfff513/67d13513cde2ed7a62f588b4_Crayon%20mob%201-p-500.png	assets/cdn.prod.website-files.com/67d13513cde2ed7a62f588b4_Crayon-mob-1-p-500-65637f7c70.png
https://cdn.prod.website-files.com/634910f1d2f3b435adfff513/67d13513cde2ed7a62f588b4_Crayon%20mob%201-p-800.png	assets/cdn.prod.website-files.com/67d13513cde2ed7a62f588b4_Crayon-mob-1-p-800-88757931f5.png
https://cdn.prod.website-files.com/634910f1d2f3b435adfff513/67d13513cde2ed7a62f588b4_Crayon%20mob%201.png	assets/cdn.prod.website-files.com/67d13513cde2ed7a62f588b4_Crayon-mob-1-602de95983.png
https://cdn.prod.website-files.com/634910f1d2f3b435adfff513/67d2622801a27204cbc51c41_Firefly%20charitable%20food%20pantry%20(1)-p-1080.png	assets/cdn.prod.website-files.com/67d2622801a27204cbc51c41_Firefly-charitable-food-pantry-1--p-1080-8938f81145.png
https://cdn.prod.website-files.com/634910f1d2f3b435adfff513/67d2622801a27204cbc51c41_Firefly%20charitable%20food%20pantry%20(1)-p-1600.png	assets/cdn.prod.website-files.com/67d2622801a27204cbc51c41_Firefly-charitable-food-pantry-1--p-1600-385632f91f.png
https://cdn.prod.website-files.com/634910f1d2f3b435adfff513/67d2622801a27204cbc51c41_Firefly%20charitable%20food%20pantry%20(1)-p-2000.png	assets/cdn.prod.website-files.com/67d2622801a27204cbc51c41_Firefly-charitable-food-pantry-1--p-2000-222450af53.png
https://cdn.prod.website-files.com/634910f1d2f3b435adfff513/67d2622801a27204cbc51c41_Firefly%20charitable%20food%20pantry%20(1)-p-500.png	assets/cdn.prod.website-files.com/67d2622801a27204cbc51c41_Firefly-charitable-food-pantry-1--p-500-bf10e0ede1.png
https://cdn.prod.website-files.com/634910f1d2f3b435adfff513/67d2622801a27204cbc51c41_Firefly%20charitable%20food%20pantry%20(1)-p-800.png	assets/cdn.prod.website-files.com/67d2622801a27204cbc51c41_Firefly-charitable-food-pantry-1--p-800-bd01c0d46a.png
https://cdn.prod.website-files.com/634910f1d2f3b435adfff513/67d2622801a27204cbc51c41_Firefly%20charitable%20food%20pantry%20(1).png	assets/cdn.prod.website-files.com/67d2622801a27204cbc51c41_Firefly-charitable-food-pantry-1-1b356dbc05.png
https://cdn.prod.website-files.com/634910f1d2f3b435adfff513/67d2ce6635a7fe078e0010d6_12614_20240403_Hawthorne_Food_Bank_LK_026%20(1)-p-500.webp	assets/cdn.prod.website-files.com/67d2ce6635a7fe078e0010d6_12614_20240403_Hawthorne_Food_Bank_LK_026-1--p-500-18065ab0be.webp
https://cdn.prod.website-files.com/634910f1d2f3b435adfff513/67d2ce6635a7fe078e0010d6_12614_20240403_Hawthorne_Food_Bank_LK_026%20(1)-p-800.webp	assets/cdn.prod.website-files.com/67d2ce6635a7fe078e0010d6_12614_20240403_Hawthorne_Food_Bank_LK_026-1--p-800-f2b4624e09.webp
https://cdn.prod.website-files.com/634910f1d2f3b435adfff513/67d2ce6635a7fe078e0010d6_12614_20240403_Hawthorne_Food_Bank_LK_026%20(1).webp	assets/cdn.prod.website-files.com/67d2ce6635a7fe078e0010d6_12614_20240403_Hawthorne_Food_Bank_LK_026-1-a6327114dd.webp
https://cdn.prod.website-files.com/634910f1d2f3b435adfff513/67d2ce66cfe84bed1dc0279d_12615_20240403_Hawthorne_Food_Bank_LK_084.rev.1716923401%20(1)-p-500.webp	assets/cdn.prod.website-files.com/67d2ce66cfe84bed1dc0279d_12615_20240403_Hawthorne_Food_Bank_LK_084.rev.1716923401-1--p-500-c7602404e7.webp
https://cdn.prod.website-files.com/634910f1d2f3b435adfff513/67d2ce66cfe84bed1dc0279d_12615_20240403_Hawthorne_Food_Bank_LK_084.rev.1716923401%20(1)-p-800.webp	assets/cdn.prod.website-files.com/67d2ce66cfe84bed1dc0279d_12615_20240403_Hawthorne_Food_Bank_LK_084.rev.1716923401-1--p-800-b03509be9c.webp
https://cdn.prod.website-files.com/634910f1d2f3b435adfff513/67d2ce66cfe84bed1dc0279d_12615_20240403_Hawthorne_Food_Bank_LK_084.rev.1716923401%20(1).webp	assets/cdn.prod.website-files.com/67d2ce66cfe84bed1dc0279d_12615_20240403_Hawthorne_Food_Bank_LK_084.rev.1716923401-1-c199eae0fb.webp
https://cdn.prod.website-files.com/634910f1d2f3b435adfff513/67d2ce671125b83eaba9cab6_12612_20240403_Hawthorne_Food_Bank_LK_110%20(1)-p-1080.webp	assets/cdn.prod.website-files.com/67d2ce671125b83eaba9cab6_12612_20240403_Hawthorne_Food_Bank_LK_110-1--p-1080-a8b458aa81.webp
https://cdn.prod.website-files.com/634910f1d2f3b435adfff513/67d2ce671125b83eaba9cab6_12612_20240403_Hawthorne_Food_Bank_LK_110%20(1)-p-1600.webp	assets/cdn.prod.website-files.com/67d2ce671125b83eaba9cab6_12612_20240403_Hawthorne_Food_Bank_LK_110-1--p-1600-15fcf58a1a.webp
https://cdn.prod.website-files.com/634910f1d2f3b435adfff513/67d2ce671125b83eaba9cab6_12612_20240403_Hawthorne_Food_Bank_LK_110%20(1)-p-500.webp	assets/cdn.prod.website-files.com/67d2ce671125b83eaba9cab6_12612_20240403_Hawthorne_Food_Bank_LK_110-1--p-500-3247dddcd6.webp
https://cdn.prod.website-files.com/634910f1d2f3b435adfff513/67d2ce671125b83eaba9cab6_12612_20240403_Hawthorne_Food_Bank_LK_110%20(1)-p-800.webp	assets/cdn.prod.website-files.com/67d2ce671125b83eaba9cab6_12612_20240403_Hawthorne_Food_Bank_LK_110-1--p-800-e89eb6d610.webp
https://cdn.prod.website-files.com/634910f1d2f3b435adfff513/67d2ce671125b83eaba9cab6_12612_20240403_Hawthorne_Food_Bank_LK_110%20(1).webp	assets/cdn.prod.website-files.com/67d2ce671125b83eaba9cab6_12612_20240403_Hawthorne_Food_Bank_LK_110-1-39d2a2c0e6.webp
https://cdn.prod.website-files.com/634910f1d2f3b435adfff513/67d3b17574c71503b64b3118_TMF%20mob%203-p-500.png	assets/cdn.prod.website-files.com/67d3b17574c71503b64b3118_TMF-mob-3-p-500-655b48dbf1.png
https://cdn.prod.website-files.com/634910f1d2f3b435adfff513/67d3b17574c71503b64b3118_TMF%20mob%203.png	assets/cdn.prod.website-files.com/67d3b17574c71503b64b3118_TMF-mob-3-11fdda6b9f.png
https://cdn.prod.website-files.com/634910f1d2f3b435adfff513/67d3b17974c71503b64b4349_TMF%202%20poster%202-p-1080.png	assets/cdn.prod.website-files.com/67d3b17974c71503b64b4349_TMF-2-poster-2-p-1080-ab324f2e5e.png
https://cdn.prod.website-files.com/634910f1d2f3b435adfff513/67d3b17974c71503b64b4349_TMF%202%20poster%202-p-500.png	assets/cdn.prod.website-files.com/67d3b17974c71503b64b4349_TMF-2-poster-2-p-500-230f9b4a45.png
https://cdn.prod.website-files.com/634910f1d2f3b435adfff513/67d3b17974c71503b64b4349_TMF%202%20poster%202-p-800.png	assets/cdn.prod.website-files.com/67d3b17974c71503b64b4349_TMF-2-poster-2-p-800-5d8101b125.png
https://cdn.prod.website-files.com/634910f1d2f3b435adfff513/67d3b17974c71503b64b4349_TMF%202%20poster%202.png	assets/cdn.prod.website-files.com/67d3b17974c71503b64b4349_TMF-2-poster-2-9df44c45f7.png
https://cdn.prod.website-files.com/634910f1d2f3b435adfff513/67d3e1e799dc0665c1a480ff_Z9YcGyxNfO%20(2).gif	assets/cdn.prod.website-files.com/67d3e1e799dc0665c1a480ff_Z9YcGyxNfO-2-ed5ef6d43b.gif
https://cdn.prod.website-files.com/634910f1d2f3b435adfff513/67d5cba9ed5716afa704fe0e_Screenshot%202025-03-13%20045311-p-1080.png	assets/cdn.prod.website-files.com/67d5cba9ed5716afa704fe0e_Screenshot-2025-03-13-045311-p-1080-26e55a5a96.png
https://cdn.prod.website-files.com/634910f1d2f3b435adfff513/67d5cba9ed5716afa704fe0e_Screenshot%202025-03-13%20045311-p-500.png	assets/cdn.prod.website-files.com/67d5cba9ed5716afa704fe0e_Screenshot-2025-03-13-045311-p-500-796bc519a7.png
https://cdn.prod.website-files.com/634910f1d2f3b435adfff513/67d5cba9ed5716afa704fe0e_Screenshot%202025-03-13%20045311-p-800.png	assets/cdn.prod.website-files.com/67d5cba9ed5716afa704fe0e_Screenshot-2025-03-13-045311-p-800-b7b73db1d5.png
https://cdn.prod.website-files.com/634910f1d2f3b435adfff513/67d5cba9ed5716afa704fe0e_Screenshot%202025-03-13%20045311.png	assets/cdn.prod.website-files.com/67d5cba9ed5716afa704fe0e_Screenshot-2025-03-13-045311-0c64130f95.png
https://cdn.prod.website-files.com/634910f1d2f3b435adfff513/67d5cbafc5c4b283a4ba9387_Screenshot%202025-03-13%20045401-p-1080.png	assets/cdn.prod.website-files.com/67d5cbafc5c4b283a4ba9387_Screenshot-2025-03-13-045401-p-1080-063cb96679.png
https://cdn.prod.website-files.com/634910f1d2f3b435adfff513/67d5cbafc5c4b283a4ba9387_Screenshot%202025-03-13%20045401-p-500.png	assets/cdn.prod.website-files.com/67d5cbafc5c4b283a4ba9387_Screenshot-2025-03-13-045401-p-500-6069a6048a.png
https://cdn.prod.website-files.com/634910f1d2f3b435adfff513/67d5cbafc5c4b283a4ba9387_Screenshot%202025-03-13%20045401-p-800.png	assets/cdn.prod.website-files.com/67d5cbafc5c4b283a4ba9387_Screenshot-2025-03-13-045401-p-800-adcdb1003e.png
https://cdn.prod.website-files.com/634910f1d2f3b435adfff513/67d5cbafc5c4b283a4ba9387_Screenshot%202025-03-13%20045401.png	assets/cdn.prod.website-files.com/67d5cbafc5c4b283a4ba9387_Screenshot-2025-03-13-045401-1916aca73a.png
https://cdn.prod.website-files.com/634910f1d2f3b435adfff513/67d5d04f9a3768e0b81f8181_hwth%20survey-p-1080.png	assets/cdn.prod.website-files.com/67d5d04f9a3768e0b81f8181_hwth-survey-p-1080-53d8f2a738.png
https://cdn.prod.website-files.com/634910f1d2f3b435adfff513/67d5d04f9a3768e0b81f8181_hwth%20survey-p-1600.png	assets/cdn.prod.website-files.com/67d5d04f9a3768e0b81f8181_hwth-survey-p-1600-320c8a64d8.png
https://cdn.prod.website-files.com/634910f1d2f3b435adfff513/67d5d04f9a3768e0b81f8181_hwth%20survey-p-2000.png	assets/cdn.prod.website-files.com/67d5d04f9a3768e0b81f8181_hwth-survey-p-2000-537133331c.png
https://cdn.prod.website-files.com/634910f1d2f3b435adfff513/67d5d04f9a3768e0b81f8181_hwth%20survey-p-2600.png	assets/cdn.prod.website-files.com/67d5d04f9a3768e0b81f8181_hwth-survey-p-2600-6b7a3e5dc6.png
https://cdn.prod.website-files.com/634910f1d2f3b435adfff513/67d5d04f9a3768e0b81f8181_hwth%20survey-p-500.png	assets/cdn.prod.website-files.com/67d5d04f9a3768e0b81f8181_hwth-survey-p-500-e92af7164a.png
https://cdn.prod.website-files.com/634910f1d2f3b435adfff513/67d5d04f9a3768e0b81f8181_hwth%20survey-p-800.png	assets/cdn.prod.website-files.com/67d5d04f9a3768e0b81f8181_hwth-survey-p-800-7492a1d51e.png
https://cdn.prod.website-files.com/634910f1d2f3b435adfff513/67d5d04f9a3768e0b81f8181_hwth%20survey.png	assets/cdn.prod.website-files.com/67d5d04f9a3768e0b81f8181_hwth-survey-2758f12fd4.png
https://cdn.prod.website-files.com/634910f1d2f3b435adfff513/67d5ddce25c4c8e654fc426d_Screenshot%202025-03-13%20045134-p-1080.png	assets/cdn.prod.website-files.com/67d5ddce25c4c8e654fc426d_Screenshot-2025-03-13-045134-p-1080-165e6179d7.png
https://cdn.prod.website-files.com/634910f1d2f3b435adfff513/67d5ddce25c4c8e654fc426d_Screenshot%202025-03-13%20045134-p-500.png	assets/cdn.prod.website-files.com/67d5ddce25c4c8e654fc426d_Screenshot-2025-03-13-045134-p-500-99b3143766.png
https://cdn.prod.website-files.com/634910f1d2f3b435adfff513/67d5ddce25c4c8e654fc426d_Screenshot%202025-03-13%20045134-p-800.png	assets/cdn.prod.website-files.com/67d5ddce25c4c8e654fc426d_Screenshot-2025-03-13-045134-p-800-58892a60f4.png
https://cdn.prod.website-files.com/634910f1d2f3b435adfff513/67d5ddce25c4c8e654fc426d_Screenshot%202025-03-13%20045134.png	assets/cdn.prod.website-files.com/67d5ddce25c4c8e654fc426d_Screenshot-2025-03-13-045134-a250b8c841.png
https://cdn.prod.website-files.com/634910f1d2f3b435adfff513/67d5f549178881123c3c6a49_Tommy%202-p-1080.jpg	assets/cdn.prod.website-files.com/67d5f549178881123c3c6a49_Tommy-2-p-1080-dad18ff13d.jpg
https://cdn.prod.website-files.com/634910f1d2f3b435adfff513/67d5f549178881123c3c6a49_Tommy%202-p-500.jpg	assets/cdn.prod.website-files.com/67d5f549178881123c3c6a49_Tommy-2-p-500-77139b4571.jpg
https://cdn.prod.website-files.com/634910f1d2f3b435adfff513/67d5f549178881123c3c6a49_Tommy%202-p-800.jpg	assets/cdn.prod.website-files.com/67d5f549178881123c3c6a49_Tommy-2-p-800-c2c5c63782.jpg
https://cdn.prod.website-files.com/634910f1d2f3b435adfff513/67d5f549178881123c3c6a49_Tommy%202.jpg	assets/cdn.prod.website-files.com/67d5f549178881123c3c6a49_Tommy-2-8deb041bc0.jpg
https://cdn.prod.website-files.com/634910f1d2f3b435adfff513/67d5f549b214ed85a97b7558_berman-eleanor.jpg	assets/cdn.prod.website-files.com/67d5f549b214ed85a97b7558_berman-eleanor-2d53e8a1ae.jpg
https://cdn.prod.website-files.com/634910f1d2f3b435adfff513/67d5f549b8bfe229f1c16379_nick-hagen-768x768-p-500.jpg	assets/cdn.prod.website-files.com/67d5f549b8bfe229f1c16379_nick-hagen-768x768-p-500-0ec1bc95e7.jpg
https://cdn.prod.website-files.com/634910f1d2f3b435adfff513/67d5f549b8bfe229f1c16379_nick-hagen-768x768.jpg	assets/cdn.prod.website-files.com/67d5f549b8bfe229f1c16379_nick-hagen-768x768-59c6d63510.jpg
https://cdn.prod.website-files.com/634910f1d2f3b435adfff513/67d5f5af6e47817bf2ca3c09_cher-p-500.png	assets/cdn.prod.website-files.com/67d5f5af6e47817bf2ca3c09_cher-p-500-73ab8b2901.png
https://cdn.prod.website-files.com/634910f1d2f3b435adfff513/67d5f5af6e47817bf2ca3c09_cher-p-800.png	assets/cdn.prod.website-files.com/67d5f5af6e47817bf2ca3c09_cher-p-800-aa34e8bba9.png
https://cdn.prod.website-files.com/634910f1d2f3b435adfff513/67d5f5af6e47817bf2ca3c09_cher.png	assets/cdn.prod.website-files.com/67d5f5af6e47817bf2ca3c09_cher-68e03ce23d.png
https://cdn.prod.website-files.com/634910f1d2f3b435adfff513/67d6039e178881123c452078_kara.jpg	assets/cdn.prod.website-files.com/67d6039e178881123c452078_kara-e106cb7f29.jpg
https://cdn.prod.website-files.com/634910f1d2f3b435adfff513/67d6039e5a4273da674118d3_Alhajeri-p-500.jpeg	assets/cdn.prod.website-files.com/67d6039e5a4273da674118d3_Alhajeri-p-500-bfe19d8c76.jpeg
https://cdn.prod.website-files.com/634910f1d2f3b435adfff513/67d6039e5a4273da674118d3_Alhajeri.jpeg	assets/cdn.prod.website-files.com/67d6039e5a4273da674118d3_Alhajeri-eaccf419dd.jpeg
https://cdn.prod.website-files.com/634910f1d2f3b435adfff513/67d6039fe9944951698ce1e4_Isaac-p-500.jpeg	assets/cdn.prod.website-files.com/67d6039fe9944951698ce1e4_Isaac-p-500-a0385f758f.jpeg
https://cdn.prod.website-files.com/634910f1d2f3b435adfff513/67d6039fe9944951698ce1e4_Isaac.jpeg	assets/cdn.prod.website-files.com/67d6039fe9944951698ce1e4_Isaac-9d20d58ca4.jpeg
https://cdn.prod.website-files.com/634910f1d2f3b435adfff513/67d6039fe9944951698ce1ea_Bonini-p-500.jpg	assets/cdn.prod.website-files.com/67d6039fe9944951698ce1ea_Bonini-p-500-0dff6a8428.jpg
https://cdn.prod.website-files.com/634910f1d2f3b435adfff513/67d6039fe9944951698ce1ea_Bonini.jpg	assets/cdn.prod.website-files.com/67d6039fe9944951698ce1ea_Bonini-6d3f0795bb.jpg
https://cdn.prod.website-files.com/634910f1d2f3b435adfff513/67d604a0b8bfe229f1cc2f5e_Dawn.jpeg	assets/cdn.prod.website-files.com/67d604a0b8bfe229f1cc2f5e_Dawn-a0f6e20559.jpeg
https://cdn.prod.website-files.com/634910f1d2f3b435adfff513/67d60995e9d19b9bec746433_ari.png	assets/cdn.prod.website-files.com/67d60995e9d19b9bec746433_ari-b39e6d0ff9.png
https://cdn.prod.website-files.com/634910f1d2f3b435adfff513/67d609aee994495169907f98_teja.jpeg	assets/cdn.prod.website-files.com/67d609aee994495169907f98_teja-ef10495edf.jpeg
https://cdn.prod.website-files.com/634910f1d2f3b435adfff513/67d60ac15a4273da67455974_1642911118206.jpeg	assets/cdn.prod.website-files.com/67d60ac15a4273da67455974_1642911118206-f07bc3bf9e.jpeg
https://cdn.prod.website-files.com/634910f1d2f3b435adfff513/67d60b4a5f1ca1cf4746b6cf_rfischer-p-500.jpg	assets/cdn.prod.website-files.com/67d60b4a5f1ca1cf4746b6cf_rfischer-p-500-2d6fdb98b7.jpg
https://cdn.prod.website-files.com/634910f1d2f3b435adfff513/67d60b4a5f1ca1cf4746b6cf_rfischer.jpg	assets/cdn.prod.website-files.com/67d60b4a5f1ca1cf4746b6cf_rfischer-1261920d6f.jpg
https://cdn.prod.website-files.com/634910f1d2f3b435adfff513/67d60b4a74731d1b6d4116a5_sonny_kirkley.jpg	assets/cdn.prod.website-files.com/67d60b4a74731d1b6d4116a5_sonny_kirkley-8b49a46d3f.jpg
https://cdn.prod.website-files.com/634910f1d2f3b435adfff513/67da348699194f07c0e82bde_V25%20ANA%20Home.png	assets/cdn.prod.website-files.com/67da348699194f07c0e82bde_V25-ANA-Home-7e5d9c9df6.png
https://cdn.prod.website-files.com/634910f1d2f3b435adfff513/67daa7d9fc4afabb87a4ca6a_Podcast-p-1080.png	assets/cdn.prod.website-files.com/67daa7d9fc4afabb87a4ca6a_Podcast-p-1080-3a36199cbf.png
https://cdn.prod.website-files.com/634910f1d2f3b435adfff513/67daa7d9fc4afabb87a4ca6a_Podcast-p-500.png	assets/cdn.prod.website-files.com/67daa7d9fc4afabb87a4ca6a_Podcast-p-500-e51e820a4c.png
https://cdn.prod.website-files.com/634910f1d2f3b435adfff513/67daa7d9fc4afabb87a4ca6a_Podcast-p-800.png	assets/cdn.prod.website-files.com/67daa7d9fc4afabb87a4ca6a_Podcast-p-800-5c8ae3f9fd.png
https://cdn.prod.website-files.com/634910f1d2f3b435adfff513/67daa7d9fc4afabb87a4ca6a_Podcast.png	assets/cdn.prod.website-files.com/67daa7d9fc4afabb87a4ca6a_Podcast-1d0bba07be.png
https://cdn.prod.website-files.com/634910f1d2f3b435adfff513/67f02d2132f0cceed0094e9b_131124677_web1_20230420cr-firefighters-02624-696x464-p-500.jpg	assets/cdn.prod.website-files.com/67f02d2132f0cceed0094e9b_131124677_web1_20230420cr-firefighters-02624-696x464-p-500-2ba2dbf0ce.jpg
https://cdn.prod.website-files.com/634910f1d2f3b435adfff513/67f02d2132f0cceed0094e9b_131124677_web1_20230420cr-firefighters-02624-696x464.jpg	assets/cdn.prod.website-files.com/67f02d2132f0cceed0094e9b_131124677_web1_20230420cr-firefighters-02624-696x464-ba9de0d72e.jpg
https://cdn.prod.website-files.com/634910f1d2f3b435adfff513/67f02d218e09b1e6cebfb981_6675_Columbus_IN_Firefighters_.rev.1682960184-p-500.webp	assets/cdn.prod.website-files.com/67f02d218e09b1e6cebfb981_6675_Columbus_IN_Firefighters_.rev.1682960184-p-500-293ff34dfc.webp
https://cdn.prod.website-files.com/634910f1d2f3b435adfff513/67f02d218e09b1e6cebfb981_6675_Columbus_IN_Firefighters_.rev.1682960184-p-800.webp	assets/cdn.prod.website-files.com/67f02d218e09b1e6cebfb981_6675_Columbus_IN_Firefighters_.rev.1682960184-p-800-6301ee535e.webp
https://cdn.prod.website-files.com/634910f1d2f3b435adfff513/67f02d218e09b1e6cebfb981_6675_Columbus_IN_Firefighters_.rev.1682960184.webp	assets/cdn.prod.website-files.com/67f02d218e09b1e6cebfb981_6675_Columbus_IN_Firefighters_.rev.1682960184-4464386bce.webp
https://cdn.prod.website-files.com/634910f1d2f3b435adfff513/67f02d230fe8d4e4c8ec1789_isitegoogleoverlay-p-1080.jpg	assets/cdn.prod.website-files.com/67f02d230fe8d4e4c8ec1789_isitegoogleoverlay-p-1080-b9046519eb.jpg
https://cdn.prod.website-files.com/634910f1d2f3b435adfff513/67f02d230fe8d4e4c8ec1789_isitegoogleoverlay-p-1600.jpg	assets/cdn.prod.website-files.com/67f02d230fe8d4e4c8ec1789_isitegoogleoverlay-p-1600-6896813396.jpg
https://cdn.prod.website-files.com/634910f1d2f3b435adfff513/67f02d230fe8d4e4c8ec1789_isitegoogleoverlay-p-500.jpg	assets/cdn.prod.website-files.com/67f02d230fe8d4e4c8ec1789_isitegoogleoverlay-p-500-51a9c93589.jpg
https://cdn.prod.website-files.com/634910f1d2f3b435adfff513/67f02d230fe8d4e4c8ec1789_isitegoogleoverlay-p-800.jpg	assets/cdn.prod.website-files.com/67f02d230fe8d4e4c8ec1789_isitegoogleoverlay-p-800-0a2a15fc06.jpg
https://cdn.prod.website-files.com/634910f1d2f3b435adfff513/67f02d230fe8d4e4c8ec1789_isitegoogleoverlay.jpg	assets/cdn.prod.website-files.com/67f02d230fe8d4e4c8ec1789_isitegoogleoverlay-43b85afbe2.jpg
https://cdn.prod.website-files.com/634910f1d2f3b435adfff513/67f02d2332f0cceed0094f96_project-apred-p-1080.png	assets/cdn.prod.website-files.com/67f02d2332f0cceed0094f96_project-apred-p-1080-e38493c654.png
https://cdn.prod.website-files.com/634910f1d2f3b435adfff513/67f02d2332f0cceed0094f96_project-apred-p-1600.png	assets/cdn.prod.website-files.com/67f02d2332f0cceed0094f96_project-apred-p-1600-e1c9b01718.png
https://cdn.prod.website-files.com/634910f1d2f3b435adfff513/67f02d2332f0cceed0094f96_project-apred-p-2000.png	assets/cdn.prod.website-files.com/67f02d2332f0cceed0094f96_project-apred-p-2000-cb261daac8.png
https://cdn.prod.website-files.com/634910f1d2f3b435adfff513/67f02d2332f0cceed0094f96_project-apred-p-2600.png	assets/cdn.prod.website-files.com/67f02d2332f0cceed0094f96_project-apred-p-2600-0c1e9a6322.png
https://cdn.prod.website-files.com/634910f1d2f3b435adfff513/67f02d2332f0cceed0094f96_project-apred-p-500.png	assets/cdn.prod.website-files.com/67f02d2332f0cceed0094f96_project-apred-p-500-d56af05c00.png
https://cdn.prod.website-files.com/634910f1d2f3b435adfff513/67f02d2332f0cceed0094f96_project-apred-p-800.png	assets/cdn.prod.website-files.com/67f02d2332f0cceed0094f96_project-apred-p-800-e4b2088c6e.png
https://cdn.prod.website-files.com/634910f1d2f3b435adfff513/67f02d2332f0cceed0094f96_project-apred.png	assets/cdn.prod.website-files.com/67f02d2332f0cceed0094f96_project-apred-d84e54cbfe.png
https://cdn.prod.website-files.com/634910f1d2f3b435adfff513/67f02d23ab81559d35bf380e_1736950932269-p-1080.jpg	assets/cdn.prod.website-files.com/67f02d23ab81559d35bf380e_1736950932269-p-1080-b7b684876e.jpg
https://cdn.prod.website-files.com/634910f1d2f3b435adfff513/67f02d23ab81559d35bf380e_1736950932269-p-1600.jpg	assets/cdn.prod.website-files.com/67f02d23ab81559d35bf380e_1736950932269-p-1600-21e341e971.jpg
https://cdn.prod.website-files.com/634910f1d2f3b435adfff513/67f02d23ab81559d35bf380e_1736950932269-p-2000.jpg	assets/cdn.prod.website-files.com/67f02d23ab81559d35bf380e_1736950932269-p-2000-bfcbd7c302.jpg
https://cdn.prod.website-files.com/634910f1d2f3b435adfff513/67f02d23ab81559d35bf380e_1736950932269-p-500.jpg	assets/cdn.prod.website-files.com/67f02d23ab81559d35bf380e_1736950932269-p-500-9909a4ba1c.jpg
https://cdn.prod.website-files.com/634910f1d2f3b435adfff513/67f02d23ab81559d35bf380e_1736950932269-p-800.jpg	assets/cdn.prod.website-files.com/67f02d23ab81559d35bf380e_1736950932269-p-800-6b62b7b173.jpg
https://cdn.prod.website-files.com/634910f1d2f3b435adfff513/67f02d23ab81559d35bf380e_1736950932269.jpg	assets/cdn.prod.website-files.com/67f02d23ab81559d35bf380e_1736950932269-a89e6f51b7.jpg
https://cdn.prod.website-files.com/634910f1d2f3b435adfff513/67f02d23e4840a22f0a6afb2_1740696684944-p-1080.jpg	assets/cdn.prod.website-files.com/67f02d23e4840a22f0a6afb2_1740696684944-p-1080-55d946c871.jpg
https://cdn.prod.website-files.com/634910f1d2f3b435adfff513/67f02d23e4840a22f0a6afb2_1740696684944-p-500.jpg	assets/cdn.prod.website-files.com/67f02d23e4840a22f0a6afb2_1740696684944-p-500-d08a17514b.jpg
https://cdn.prod.website-files.com/634910f1d2f3b435adfff513/67f02d23e4840a22f0a6afb2_1740696684944-p-800.jpg	assets/cdn.prod.website-files.com/67f02d23e4840a22f0a6afb2_1740696684944-p-800-ec064b9440.jpg
https://cdn.prod.website-files.com/634910f1d2f3b435adfff513/67f02d23e4840a22f0a6afb2_1740696684944.jpg	assets/cdn.prod.website-files.com/67f02d23e4840a22f0a6afb2_1740696684944-eb4be9ddf3.jpg
https://cdn.prod.website-files.com/634910f1d2f3b435adfff513/67f033aaf9b455c649e9e5b1_Slide%2016_9%20-%2019-p-1080.png	assets/cdn.prod.website-files.com/67f033aaf9b455c649e9e5b1_Slide-16_9---19-p-1080-95a2572754.png
https://cdn.prod.website-files.com/634910f1d2f3b435adfff513/67f033aaf9b455c649e9e5b1_Slide%2016_9%20-%2019-p-1600.png	assets/cdn.prod.website-files.com/67f033aaf9b455c649e9e5b1_Slide-16_9---19-p-1600-fe8a647867.png
https://cdn.prod.website-files.com/634910f1d2f3b435adfff513/67f033aaf9b455c649e9e5b1_Slide%2016_9%20-%2019-p-2000.png	assets/cdn.prod.website-files.com/67f033aaf9b455c649e9e5b1_Slide-16_9---19-p-2000-5e011adda0.png
https://cdn.prod.website-files.com/634910f1d2f3b435adfff513/67f033aaf9b455c649e9e5b1_Slide%2016_9%20-%2019-p-2600.png	assets/cdn.prod.website-files.com/67f033aaf9b455c649e9e5b1_Slide-16_9---19-p-2600-def1549f07.png
https://cdn.prod.website-files.com/634910f1d2f3b435adfff513/67f033aaf9b455c649e9e5b1_Slide%2016_9%20-%2019-p-3200.png	assets/cdn.prod.website-files.com/67f033aaf9b455c649e9e5b1_Slide-16_9---19-p-3200-05d777f1ff.png
https://cdn.prod.website-files.com/634910f1d2f3b435adfff513/67f033aaf9b455c649e9e5b1_Slide%2016_9%20-%2019-p-500.png	assets/cdn.prod.website-files.com/67f033aaf9b455c649e9e5b1_Slide-16_9---19-p-500-d11ce58adb.png
https://cdn.prod.website-files.com/634910f1d2f3b435adfff513/67f033aaf9b455c649e9e5b1_Slide%2016_9%20-%2019-p-800.png	assets/cdn.prod.website-files.com/67f033aaf9b455c649e9e5b1_Slide-16_9---19-p-800-2c8bc444fc.png
https://cdn.prod.website-files.com/634910f1d2f3b435adfff513/67f033aaf9b455c649e9e5b1_Slide%2016_9%20-%2019.png	assets/cdn.prod.website-files.com/67f033aaf9b455c649e9e5b1_Slide-16_9---19-fc3085e2d8.png
https://cdn.prod.website-files.com/634910f1d2f3b435adfff513/67f03456bad1b8e37f3798b5_20230810_105321-p-1080.jpg	assets/cdn.prod.website-files.com/67f03456bad1b8e37f3798b5_20230810_105321-p-1080-b50bc5fca4.jpg
https://cdn.prod.website-files.com/634910f1d2f3b435adfff513/67f03456bad1b8e37f3798b5_20230810_105321-p-1600.jpg	assets/cdn.prod.website-files.com/67f03456bad1b8e37f3798b5_20230810_105321-p-1600-51174813e7.jpg
https://cdn.prod.website-files.com/634910f1d2f3b435adfff513/67f03456bad1b8e37f3798b5_20230810_105321-p-2000.jpg	assets/cdn.prod.website-files.com/67f03456bad1b8e37f3798b5_20230810_105321-p-2000-6688c21ed1.jpg
https://cdn.prod.website-files.com/634910f1d2f3b435adfff513/67f03456bad1b8e37f3798b5_20230810_105321-p-2600.jpg	assets/cdn.prod.website-files.com/67f03456bad1b8e37f3798b5_20230810_105321-p-2600-6e6cf6c07a.jpg
https://cdn.prod.website-files.com/634910f1d2f3b435adfff513/67f03456bad1b8e37f3798b5_20230810_105321-p-3200.jpg	assets/cdn.prod.website-files.com/67f03456bad1b8e37f3798b5_20230810_105321-p-3200-b21beab797.jpg
https://cdn.prod.website-files.com/634910f1d2f3b435adfff513/67f03456bad1b8e37f3798b5_20230810_105321-p-500.jpg	assets/cdn.prod.website-files.com/67f03456bad1b8e37f3798b5_20230810_105321-p-500-4a66986ed2.jpg
https://cdn.prod.website-files.com/634910f1d2f3b435adfff513/67f03456bad1b8e37f3798b5_20230810_105321-p-800.jpg	assets/cdn.prod.website-files.com/67f03456bad1b8e37f3798b5_20230810_105321-p-800-8c2c7171a7.jpg
https://cdn.prod.website-files.com/634910f1d2f3b435adfff513/67f03456bad1b8e37f3798b5_20230810_105321.jpg	assets/cdn.prod.website-files.com/67f03456bad1b8e37f3798b5_20230810_105321-9e1f61d90f.jpg
https://cdn.prod.website-files.com/634910f1d2f3b435adfff513/67f03457cf749b98f0454a05_20230810_112916-p-1080.jpg	assets/cdn.prod.website-files.com/67f03457cf749b98f0454a05_20230810_112916-p-1080-fe49b9a8fe.jpg
https://cdn.prod.website-files.com/634910f1d2f3b435adfff513/67f03457cf749b98f0454a05_20230810_112916-p-1600.jpg	assets/cdn.prod.website-files.com/67f03457cf749b98f0454a05_20230810_112916-p-1600-3e0d29e1a7.jpg
https://cdn.prod.website-files.com/634910f1d2f3b435adfff513/67f03457cf749b98f0454a05_20230810_112916-p-2000.jpg	assets/cdn.prod.website-files.com/67f03457cf749b98f0454a05_20230810_112916-p-2000-9ab09abd0e.jpg
https://cdn.prod.website-files.com/634910f1d2f3b435adfff513/67f03457cf749b98f0454a05_20230810_112916-p-2600.jpg	assets/cdn.prod.website-files.com/67f03457cf749b98f0454a05_20230810_112916-p-2600-78fca20cc9.jpg
https://cdn.prod.website-files.com/634910f1d2f3b435adfff513/67f03457cf749b98f0454a05_20230810_112916-p-3200.jpg	assets/cdn.prod.website-files.com/67f03457cf749b98f0454a05_20230810_112916-p-3200-d3b1500bb6.jpg
https://cdn.prod.website-files.com/634910f1d2f3b435adfff513/67f03457cf749b98f0454a05_20230810_112916-p-500.jpg	assets/cdn.prod.website-files.com/67f03457cf749b98f0454a05_20230810_112916-p-500-dadd566c5e.jpg
https://cdn.prod.website-files.com/634910f1d2f3b435adfff513/67f03457cf749b98f0454a05_20230810_112916-p-800.jpg	assets/cdn.prod.website-files.com/67f03457cf749b98f0454a05_20230810_112916-p-800-1284d1143b.jpg
https://cdn.prod.website-files.com/634910f1d2f3b435adfff513/67f03457cf749b98f0454a05_20230810_112916.jpg	assets/cdn.prod.website-files.com/67f03457cf749b98f0454a05_20230810_112916-30ce1f8b59.jpg
https://cdn.prod.website-files.com/634910f1d2f3b435adfff513/67f03457d1c9eadde1b0b508_20230810_105307-p-1080.jpg	assets/cdn.prod.website-files.com/67f03457d1c9eadde1b0b508_20230810_105307-p-1080-19b2b6b96a.jpg
https://cdn.prod.website-files.com/634910f1d2f3b435adfff513/67f03457d1c9eadde1b0b508_20230810_105307-p-1600.jpg	assets/cdn.prod.website-files.com/67f03457d1c9eadde1b0b508_20230810_105307-p-1600-9f4975e9ea.jpg
https://cdn.prod.website-files.com/634910f1d2f3b435adfff513/67f03457d1c9eadde1b0b508_20230810_105307-p-2000.jpg	assets/cdn.prod.website-files.com/67f03457d1c9eadde1b0b508_20230810_105307-p-2000-93cfcaa2ba.jpg
https://cdn.prod.website-files.com/634910f1d2f3b435adfff513/67f03457d1c9eadde1b0b508_20230810_105307-p-2600.jpg	assets/cdn.prod.website-files.com/67f03457d1c9eadde1b0b508_20230810_105307-p-2600-86a89a472b.jpg
https://cdn.prod.website-files.com/634910f1d2f3b435adfff513/67f03457d1c9eadde1b0b508_20230810_105307-p-3200.jpg	assets/cdn.prod.website-files.com/67f03457d1c9eadde1b0b508_20230810_105307-p-3200-1d0ee9f418.jpg
https://cdn.prod.website-files.com/634910f1d2f3b435adfff513/67f03457d1c9eadde1b0b508_20230810_105307-p-500.jpg	assets/cdn.prod.website-files.com/67f03457d1c9eadde1b0b508_20230810_105307-p-500-40b9898929.jpg
https://cdn.prod.website-files.com/634910f1d2f3b435adfff513/67f03457d1c9eadde1b0b508_20230810_105307-p-800.jpg	assets/cdn.prod.website-files.com/67f03457d1c9eadde1b0b508_20230810_105307-p-800-4b8b9e7246.jpg
https://cdn.prod.website-files.com/634910f1d2f3b435adfff513/67f03457d1c9eadde1b0b508_20230810_105307.jpg	assets/cdn.prod.website-files.com/67f03457d1c9eadde1b0b508_20230810_105307-d044af7f7d.jpg
https://cdn.prod.website-files.com/634910f1d2f3b435adfff513/67f034582c6e501f68b9d46a_20230810_100719-p-1080.jpg	assets/cdn.prod.website-files.com/67f034582c6e501f68b9d46a_20230810_100719-p-1080-ff7b09a4c2.jpg
https://cdn.prod.website-files.com/634910f1d2f3b435adfff513/67f034582c6e501f68b9d46a_20230810_100719-p-1600.jpg	assets/cdn.prod.website-files.com/67f034582c6e501f68b9d46a_20230810_100719-p-1600-e629d2e584.jpg
https://cdn.prod.website-files.com/634910f1d2f3b435adfff513/67f034582c6e501f68b9d46a_20230810_100719-p-2000.jpg	assets/cdn.prod.website-files.com/67f034582c6e501f68b9d46a_20230810_100719-p-2000-607caf417c.jpg
https://cdn.prod.website-files.com/634910f1d2f3b435adfff513/67f034582c6e501f68b9d46a_20230810_100719-p-2600.jpg	assets/cdn.prod.website-files.com/67f034582c6e501f68b9d46a_20230810_100719-p-2600-16cce061dc.jpg
https://cdn.prod.website-files.com/634910f1d2f3b435adfff513/67f034582c6e501f68b9d46a_20230810_100719-p-3200.jpg	assets/cdn.prod.website-files.com/67f034582c6e501f68b9d46a_20230810_100719-p-3200-251dfdeb91.jpg
https://cdn.prod.website-files.com/634910f1d2f3b435adfff513/67f034582c6e501f68b9d46a_20230810_100719-p-500.jpg	assets/cdn.prod.website-files.com/67f034582c6e501f68b9d46a_20230810_100719-p-500-1169e03aed.jpg
https://cdn.prod.website-files.com/634910f1d2f3b435adfff513/67f034582c6e501f68b9d46a_20230810_100719-p-800.jpg	assets/cdn.prod.website-files.com/67f034582c6e501f68b9d46a_20230810_100719-p-800-80066656b8.jpg
https://cdn.prod.website-files.com/634910f1d2f3b435adfff513/67f034582c6e501f68b9d46a_20230810_100719.jpg	assets/cdn.prod.website-files.com/67f034582c6e501f68b9d46a_20230810_100719-71b3d0397a.jpg
https://cdn.prod.website-files.com/634910f1d2f3b435adfff513/67f034919d6d89f806e7e7c1_Hawthorne%20VSM-p-1080.jpg	assets/cdn.prod.website-files.com/67f034919d6d89f806e7e7c1_Hawthorne-VSM-p-1080-1fb03c90b9.jpg
https://cdn.prod.website-files.com/634910f1d2f3b435adfff513/67f034919d6d89f806e7e7c1_Hawthorne%20VSM-p-500.jpg	assets/cdn.prod.website-files.com/67f034919d6d89f806e7e7c1_Hawthorne-VSM-p-500-0a52f46bbe.jpg
https://cdn.prod.website-files.com/634910f1d2f3b435adfff513/67f034919d6d89f806e7e7c1_Hawthorne%20VSM-p-800.jpg	assets/cdn.prod.website-files.com/67f034919d6d89f806e7e7c1_Hawthorne-VSM-p-800-f856804ad9.jpg
https://cdn.prod.website-files.com/634910f1d2f3b435adfff513/67f034919d6d89f806e7e7c1_Hawthorne%20VSM.jpg	assets/cdn.prod.website-files.com/67f034919d6d89f806e7e7c1_Hawthorne-VSM-cbfbbe466d.jpg
https://cdn.prod.website-files.com/634910f1d2f3b435adfff513/67f0a9231d23c36475274d06_New%20flow%2001-p-1080.png	assets/cdn.prod.website-files.com/67f0a9231d23c36475274d06_New-flow-01-p-1080-1e032a1812.png
https://cdn.prod.website-files.com/634910f1d2f3b435adfff513/67f0a9231d23c36475274d06_New%20flow%2001-p-1600.png	assets/cdn.prod.website-files.com/67f0a9231d23c36475274d06_New-flow-01-p-1600-7d31993703.png
https://cdn.prod.website-files.com/634910f1d2f3b435adfff513/67f0a9231d23c36475274d06_New%20flow%2001-p-2000.png	assets/cdn.prod.website-files.com/67f0a9231d23c36475274d06_New-flow-01-p-2000-1739527ce0.png
https://cdn.prod.website-files.com/634910f1d2f3b435adfff513/67f0a9231d23c36475274d06_New%20flow%2001-p-2600.png	assets/cdn.prod.website-files.com/67f0a9231d23c36475274d06_New-flow-01-p-2600-e1db20cfe4.png
https://cdn.prod.website-files.com/634910f1d2f3b435adfff513/67f0a9231d23c36475274d06_New%20flow%2001-p-3200.png	assets/cdn.prod.website-files.com/67f0a9231d23c36475274d06_New-flow-01-p-3200-83f2991316.png
https://cdn.prod.website-files.com/634910f1d2f3b435adfff513/67f0a9231d23c36475274d06_New%20flow%2001-p-500.png	assets/cdn.prod.website-files.com/67f0a9231d23c36475274d06_New-flow-01-p-500-5b72ad2047.png
https://cdn.prod.website-files.com/634910f1d2f3b435adfff513/67f0a9231d23c36475274d06_New%20flow%2001-p-800.png	assets/cdn.prod.website-files.com/67f0a9231d23c36475274d06_New-flow-01-p-800-dbcd7068e6.png
https://cdn.prod.website-files.com/634910f1d2f3b435adfff513/67f0a9231d23c36475274d06_New%20flow%2001.png	assets/cdn.prod.website-files.com/67f0a9231d23c36475274d06_New-flow-01-0887f388b4.png
https://cdn.prod.website-files.com/634910f1d2f3b435adfff513/67f0aa3fe90ce213eed74691_Old%20flow%2001%20(2)-p-1080.png	assets/cdn.prod.website-files.com/67f0aa3fe90ce213eed74691_Old-flow-01-2--p-1080-6b03a5bcd6.png
https://cdn.prod.website-files.com/634910f1d2f3b435adfff513/67f0aa3fe90ce213eed74691_Old%20flow%2001%20(2)-p-1600.png	assets/cdn.prod.website-files.com/67f0aa3fe90ce213eed74691_Old-flow-01-2--p-1600-7f2f3e637a.png
https://cdn.prod.website-files.com/634910f1d2f3b435adfff513/67f0aa3fe90ce213eed74691_Old%20flow%2001%20(2)-p-2000.png	assets/cdn.prod.website-files.com/67f0aa3fe90ce213eed74691_Old-flow-01-2--p-2000-036b85c6f6.png
https://cdn.prod.website-files.com/634910f1d2f3b435adfff513/67f0aa3fe90ce213eed74691_Old%20flow%2001%20(2)-p-2600.png	assets/cdn.prod.website-files.com/67f0aa3fe90ce213eed74691_Old-flow-01-2--p-2600-82d83ab09f.png
https://cdn.prod.website-files.com/634910f1d2f3b435adfff513/67f0aa3fe90ce213eed74691_Old%20flow%2001%20(2)-p-500.png	assets/cdn.prod.website-files.com/67f0aa3fe90ce213eed74691_Old-flow-01-2--p-500-0258fdbc50.png
https://cdn.prod.website-files.com/634910f1d2f3b435adfff513/67f0aa3fe90ce213eed74691_Old%20flow%2001%20(2)-p-800.png	assets/cdn.prod.website-files.com/67f0aa3fe90ce213eed74691_Old-flow-01-2--p-800-1cd894a6f4.png
https://cdn.prod.website-files.com/634910f1d2f3b435adfff513/67f0aa3fe90ce213eed74691_Old%20flow%2001%20(2).png	assets/cdn.prod.website-files.com/67f0aa3fe90ce213eed74691_Old-flow-01-2-d8961d4c8e.png
https://cdn.prod.website-files.com/634910f1d2f3b435adfff513/67f0ab3cc5f3bcc3529464cc_Group%2039-p-1080.png	assets/cdn.prod.website-files.com/67f0ab3cc5f3bcc3529464cc_Group-39-p-1080-e6c26f74f8.png
https://cdn.prod.website-files.com/634910f1d2f3b435adfff513/67f0ab3cc5f3bcc3529464cc_Group%2039-p-1600.png	assets/cdn.prod.website-files.com/67f0ab3cc5f3bcc3529464cc_Group-39-p-1600-3824342d7b.png
https://cdn.prod.website-files.com/634910f1d2f3b435adfff513/67f0ab3cc5f3bcc3529464cc_Group%2039-p-2000.png	assets/cdn.prod.website-files.com/67f0ab3cc5f3bcc3529464cc_Group-39-p-2000-5250229642.png
https://cdn.prod.website-files.com/634910f1d2f3b435adfff513/67f0ab3cc5f3bcc3529464cc_Group%2039-p-500.png	assets/cdn.prod.website-files.com/67f0ab3cc5f3bcc3529464cc_Group-39-p-500-db11c77d5a.png
https://cdn.prod.website-files.com/634910f1d2f3b435adfff513/67f0ab3cc5f3bcc3529464cc_Group%2039-p-800.png	assets/cdn.prod.website-files.com/67f0ab3cc5f3bcc3529464cc_Group-39-p-800-ea5c5379e4.png
https://cdn.prod.website-files.com/634910f1d2f3b435adfff513/67f0ab3cc5f3bcc3529464cc_Group%2039.png	assets/cdn.prod.website-files.com/67f0ab3cc5f3bcc3529464cc_Group-39-7b3c54fa0e.png
https://cdn.prod.website-files.com/634910f1d2f3b435adfff513/67f0abdfdad63f3faba76491_Screenshot%202024-10-17%20171705-p-500.png	assets/cdn.prod.website-files.com/67f0abdfdad63f3faba76491_Screenshot-2024-10-17-171705-p-500-66d8675d61.png
https://cdn.prod.website-files.com/634910f1d2f3b435adfff513/67f0abdfdad63f3faba76491_Screenshot%202024-10-17%20171705.png	assets/cdn.prod.website-files.com/67f0abdfdad63f3faba76491_Screenshot-2024-10-17-171705-9181f813fe.png
https://cdn.prod.website-files.com/634910f1d2f3b435adfff513/67f0abe02ba69ccf5da5e779_Screenshot%202024-08-19%20095844-p-500.png	assets/cdn.prod.website-files.com/67f0abe02ba69ccf5da5e779_Screenshot-2024-08-19-095844-p-500-58ab9e5147.png
https://cdn.prod.website-files.com/634910f1d2f3b435adfff513/67f0abe02ba69ccf5da5e779_Screenshot%202024-08-19%20095844-p-800.png	assets/cdn.prod.website-files.com/67f0abe02ba69ccf5da5e779_Screenshot-2024-08-19-095844-p-800-b7f8a389d8.png
https://cdn.prod.website-files.com/634910f1d2f3b435adfff513/67f0abe02ba69ccf5da5e779_Screenshot%202024-08-19%20095844.png	assets/cdn.prod.website-files.com/67f0abe02ba69ccf5da5e779_Screenshot-2024-08-19-095844-ec394226e7.png
https://cdn.prod.website-files.com/634910f1d2f3b435adfff513/67f2dc0cca772d10c700268b_Vibe%20coding-p-1080.png	assets/cdn.prod.website-files.com/67f2dc0cca772d10c700268b_Vibe-coding-p-1080-fd78f27e07.png
https://cdn.prod.website-files.com/634910f1d2f3b435adfff513/67f2dc0cca772d10c700268b_Vibe%20coding-p-500.png	assets/cdn.prod.website-files.com/67f2dc0cca772d10c700268b_Vibe-coding-p-500-d931bfa7ff.png
https://cdn.prod.website-files.com/634910f1d2f3b435adfff513/67f2dc0cca772d10c700268b_Vibe%20coding-p-800.png	assets/cdn.prod.website-files.com/67f2dc0cca772d10c700268b_Vibe-coding-p-800-50b0a8d0cb.png
https://cdn.prod.website-files.com/634910f1d2f3b435adfff513/67f2dc0cca772d10c700268b_Vibe%20coding.png	assets/cdn.prod.website-files.com/67f2dc0cca772d10c700268b_Vibe-coding-e25ce17471.png
https://cdn.prod.website-files.com/634910f1d2f3b435adfff513/67f2dc0db0db32ae8770aad1_Rive-p-1080.png	assets/cdn.prod.website-files.com/67f2dc0db0db32ae8770aad1_Rive-p-1080-a9b5848057.png
https://cdn.prod.website-files.com/634910f1d2f3b435adfff513/67f2dc0db0db32ae8770aad1_Rive-p-500.png	assets/cdn.prod.website-files.com/67f2dc0db0db32ae8770aad1_Rive-p-500-af8ea2cbb0.png
https://cdn.prod.website-files.com/634910f1d2f3b435adfff513/67f2dc0db0db32ae8770aad1_Rive-p-800.png	assets/cdn.prod.website-files.com/67f2dc0db0db32ae8770aad1_Rive-p-800-33e0b3b5a6.png
https://cdn.prod.website-files.com/634910f1d2f3b435adfff513/67f2dc0db0db32ae8770aad1_Rive.png	assets/cdn.prod.website-files.com/67f2dc0db0db32ae8770aad1_Rive-c35b075472.png
https://cdn.prod.website-files.com/634910f1d2f3b435adfff513/6819796bc30d63643ad5add7_Screenshot%202025-05-05%20225200.png	assets/cdn.prod.website-files.com/6819796bc30d63643ad5add7_Screenshot-2025-05-05-225200-005bc9b49a.png
https://cdn.prod.website-files.com/634910f1d2f3b435adfff513/681979b07d336611ab05fb8e_Screenshot%202025-05-05%20225324.png	assets/cdn.prod.website-files.com/681979b07d336611ab05fb8e_Screenshot-2025-05-05-225324-5b7bebeca5.png
https://cdn.prod.website-files.com/634910f1d2f3b435adfff513/68197a1f8194120e794a4e01_Screenshot%202025-05-05%20225521.png	assets/cdn.prod.website-files.com/68197a1f8194120e794a4e01_Screenshot-2025-05-05-225521-e7014a7721.png
https://cdn.prod.website-files.com/634910f1d2f3b435adfff513/68197aa46803226e44351829_images%20(3).jpeg	assets/cdn.prod.website-files.com/68197aa46803226e44351829_images-3-7d94949c35.jpeg
https://cdn.prod.website-files.com/634910f1d2f3b435adfff513/681a158b1f3e7fd01d1122cd_overwhelming-p-500.png	assets/cdn.prod.website-files.com/681a158b1f3e7fd01d1122cd_overwhelming-p-500-6777f2918c.png
https://cdn.prod.website-files.com/634910f1d2f3b435adfff513/681a158b1f3e7fd01d1122cd_overwhelming.png	assets/cdn.prod.website-files.com/681a158b1f3e7fd01d1122cd_overwhelming-3988b72d55.png
https://cdn.prod.website-files.com/634910f1d2f3b435adfff513/681a158bc6d64dec6e525322_high%20cost-p-500.png	assets/cdn.prod.website-files.com/681a158bc6d64dec6e525322_high-cost-p-500-0b3133f0ad.png
https://cdn.prod.website-files.com/634910f1d2f3b435adfff513/681a158bc6d64dec6e525322_high%20cost.png	assets/cdn.prod.website-files.com/681a158bc6d64dec6e525322_high-cost-ce5d94139e.png
https://cdn.prod.website-files.com/634910f1d2f3b435adfff513/681a158c2f962e366b13702e_awareness-p-500.png	assets/cdn.prod.website-files.com/681a158c2f962e366b13702e_awareness-p-500-e73577bd18.png
https://cdn.prod.website-files.com/634910f1d2f3b435adfff513/681a158c2f962e366b13702e_awareness.png	assets/cdn.prod.website-files.com/681a158c2f962e366b13702e_awareness-facf44ec57.png
https://cdn.prod.website-files.com/634910f1d2f3b435adfff513/683485f3e8507cbdd0d18266_AnamitraJana_Resume_Updated%20M19-p-1080.png	assets/cdn.prod.website-files.com/683485f3e8507cbdd0d18266_AnamitraJana_Resume_Updated-M19-p-1080-e38c69bb61.png
https://cdn.prod.website-files.com/634910f1d2f3b435adfff513/683485f3e8507cbdd0d18266_AnamitraJana_Resume_Updated%20M19-p-500.png	assets/cdn.prod.website-files.com/683485f3e8507cbdd0d18266_AnamitraJana_Resume_Updated-M19-p-500-1150fc8934.png
https://cdn.prod.website-files.com/634910f1d2f3b435adfff513/683485f3e8507cbdd0d18266_AnamitraJana_Resume_Updated%20M19-p-800.png	assets/cdn.prod.website-files.com/683485f3e8507cbdd0d18266_AnamitraJana_Resume_Updated-M19-p-800-dea25b62b6.png
https://cdn.prod.website-files.com/634910f1d2f3b435adfff513/683485f3e8507cbdd0d18266_AnamitraJana_Resume_Updated%20M19.png	assets/cdn.prod.website-files.com/683485f3e8507cbdd0d18266_AnamitraJana_Resume_Updated-M19-97cb25ebd4.png
https://cdn.prod.website-files.com/634910f1d2f3b435adfff513/684281ab52866bcf5e8372e7_Crayon%20001-p-1080.png	assets/cdn.prod.website-files.com/684281ab52866bcf5e8372e7_Crayon-001-p-1080-27329913f9.png
https://cdn.prod.website-files.com/634910f1d2f3b435adfff513/684281ab52866bcf5e8372e7_Crayon%20001-p-500.png	assets/cdn.prod.website-files.com/684281ab52866bcf5e8372e7_Crayon-001-p-500-44133e3f3c.png
https://cdn.prod.website-files.com/634910f1d2f3b435adfff513/684281ab52866bcf5e8372e7_Crayon%20001-p-800.png	assets/cdn.prod.website-files.com/684281ab52866bcf5e8372e7_Crayon-001-p-800-089f3bc855.png
https://cdn.prod.website-files.com/634910f1d2f3b435adfff513/684281ab52866bcf5e8372e7_Crayon%20001.png	assets/cdn.prod.website-files.com/684281ab52866bcf5e8372e7_Crayon-001-ea3f15f120.png
https://cdn.prod.website-files.com/634910f1d2f3b435adfff513/684350f654bfb2b38ea809f4_Redlab%20mob%203-p-1080.png	assets/cdn.prod.website-files.com/684350f654bfb2b38ea809f4_Redlab-mob-3-p-1080-43e6db9b30.png
https://cdn.prod.website-files.com/634910f1d2f3b435adfff513/684350f654bfb2b38ea809f4_Redlab%20mob%203-p-1600.png	assets/cdn.prod.website-files.com/684350f654bfb2b38ea809f4_Redlab-mob-3-p-1600-f01c1c64ec.png
https://cdn.prod.website-files.com/634910f1d2f3b435adfff513/684350f654bfb2b38ea809f4_Redlab%20mob%203-p-2000.png	assets/cdn.prod.website-files.com/684350f654bfb2b38ea809f4_Redlab-mob-3-p-2000-d05bbf5c5b.png
https://cdn.prod.website-files.com/634910f1d2f3b435adfff513/684350f654bfb2b38ea809f4_Redlab%20mob%203-p-2600.png	assets/cdn.prod.website-files.com/684350f654bfb2b38ea809f4_Redlab-mob-3-p-2600-f87db2fafa.png
https://cdn.prod.website-files.com/634910f1d2f3b435adfff513/684350f654bfb2b38ea809f4_Redlab%20mob%203-p-3200.png	assets/cdn.prod.website-files.com/684350f654bfb2b38ea809f4_Redlab-mob-3-p-3200-64c40c1cf7.png
https://cdn.prod.website-files.com/634910f1d2f3b435adfff513/684350f654bfb2b38ea809f4_Redlab%20mob%203-p-500.png	assets/cdn.prod.website-files.com/684350f654bfb2b38ea809f4_Redlab-mob-3-p-500-5b5ca130c0.png
https://cdn.prod.website-files.com/634910f1d2f3b435adfff513/684350f654bfb2b38ea809f4_Redlab%20mob%203-p-800.png	assets/cdn.prod.website-files.com/684350f654bfb2b38ea809f4_Redlab-mob-3-p-800-d1bbada8a2.png
https://cdn.prod.website-files.com/634910f1d2f3b435adfff513/684350f654bfb2b38ea809f4_Redlab%20mob%203.png	assets/cdn.prod.website-files.com/684350f654bfb2b38ea809f4_Redlab-mob-3-59b110e38b.png
https://cdn.prod.website-files.com/634910f1d2f3b435adfff513/684459440350bed52f616c94_Comma%20Header%20final%20(1)-p-1080.png	assets/cdn.prod.website-files.com/684459440350bed52f616c94_Comma-Header-final-1--p-1080-bd4cbef8a8.png
https://cdn.prod.website-files.com/634910f1d2f3b435adfff513/684459440350bed52f616c94_Comma%20Header%20final%20(1)-p-1600.png	assets/cdn.prod.website-files.com/684459440350bed52f616c94_Comma-Header-final-1--p-1600-264c9c3291.png
https://cdn.prod.website-files.com/634910f1d2f3b435adfff513/684459440350bed52f616c94_Comma%20Header%20final%20(1)-p-2000.png	assets/cdn.prod.website-files.com/684459440350bed52f616c94_Comma-Header-final-1--p-2000-67408f21c5.png
https://cdn.prod.website-files.com/634910f1d2f3b435adfff513/684459440350bed52f616c94_Comma%20Header%20final%20(1)-p-500.png	assets/cdn.prod.website-files.com/684459440350bed52f616c94_Comma-Header-final-1--p-500-128d70e77b.png
https://cdn.prod.website-files.com/634910f1d2f3b435adfff513/684459440350bed52f616c94_Comma%20Header%20final%20(1)-p-800.png	assets/cdn.prod.website-files.com/684459440350bed52f616c94_Comma-Header-final-1--p-800-a1dd1afde3.png
https://cdn.prod.website-files.com/634910f1d2f3b435adfff513/684459440350bed52f616c94_Comma%20Header%20final%20(1).png	assets/cdn.prod.website-files.com/684459440350bed52f616c94_Comma-Header-final-1-acb879db14.png
https://cdn.prod.website-files.com/634910f1d2f3b435adfff513/68488ed147748d1167f18fdf_AdobeStock_201770556%20(1)-p-1080.jpeg	assets/cdn.prod.website-files.com/68488ed147748d1167f18fdf_AdobeStock_201770556-1--p-1080-a386b1d234.jpeg
https://cdn.prod.website-files.com/634910f1d2f3b435adfff513/68488ed147748d1167f18fdf_AdobeStock_201770556%20(1)-p-1600.jpeg	assets/cdn.prod.website-files.com/68488ed147748d1167f18fdf_AdobeStock_201770556-1--p-1600-04671881a2.jpeg
https://cdn.prod.website-files.com/634910f1d2f3b435adfff513/68488ed147748d1167f18fdf_AdobeStock_201770556%20(1)-p-2000.jpeg	assets/cdn.prod.website-files.com/68488ed147748d1167f18fdf_AdobeStock_201770556-1--p-2000-6813169d56.jpeg
https://cdn.prod.website-files.com/634910f1d2f3b435adfff513/68488ed147748d1167f18fdf_AdobeStock_201770556%20(1)-p-2600.jpeg	assets/cdn.prod.website-files.com/68488ed147748d1167f18fdf_AdobeStock_201770556-1--p-2600-67618409ea.jpeg
https://cdn.prod.website-files.com/634910f1d2f3b435adfff513/68488ed147748d1167f18fdf_AdobeStock_201770556%20(1)-p-3200.jpeg	assets/cdn.prod.website-files.com/68488ed147748d1167f18fdf_AdobeStock_201770556-1--p-3200-4438551bb9.jpeg
https://cdn.prod.website-files.com/634910f1d2f3b435adfff513/68488ed147748d1167f18fdf_AdobeStock_201770556%20(1)-p-500.jpeg	assets/cdn.prod.website-files.com/68488ed147748d1167f18fdf_AdobeStock_201770556-1--p-500-5c1ba0d03e.jpeg
https://cdn.prod.website-files.com/634910f1d2f3b435adfff513/68488ed147748d1167f18fdf_AdobeStock_201770556%20(1)-p-800.jpeg	assets/cdn.prod.website-files.com/68488ed147748d1167f18fdf_AdobeStock_201770556-1--p-800-0ecf1b349e.jpeg
https://cdn.prod.website-files.com/634910f1d2f3b435adfff513/68488ed147748d1167f18fdf_AdobeStock_201770556%20(1).jpeg	assets/cdn.prod.website-files.com/68488ed147748d1167f18fdf_AdobeStock_201770556-1-dfe3fef2c3.jpeg
https://cdn.prod.website-files.com/634910f1d2f3b435adfff513/68488fc0455da0e2a61aedf8_IMG_2844%20(1)-p-1080.png	assets/cdn.prod.website-files.com/68488fc0455da0e2a61aedf8_IMG_2844-1--p-1080-5192b6d0e1.png
https://cdn.prod.website-files.com/634910f1d2f3b435adfff513/68488fc0455da0e2a61aedf8_IMG_2844%20(1)-p-1600.png	assets/cdn.prod.website-files.com/68488fc0455da0e2a61aedf8_IMG_2844-1--p-1600-961f8e6fdc.png
https://cdn.prod.website-files.com/634910f1d2f3b435adfff513/68488fc0455da0e2a61aedf8_IMG_2844%20(1)-p-2000.png	assets/cdn.prod.website-files.com/68488fc0455da0e2a61aedf8_IMG_2844-1--p-2000-3d5f0088db.png
https://cdn.prod.website-files.com/634910f1d2f3b435adfff513/68488fc0455da0e2a61aedf8_IMG_2844%20(1)-p-500.png	assets/cdn.prod.website-files.com/68488fc0455da0e2a61aedf8_IMG_2844-1--p-500-6579446842.png
https://cdn.prod.website-files.com/634910f1d2f3b435adfff513/68488fc0455da0e2a61aedf8_IMG_2844%20(1)-p-800.png	assets/cdn.prod.website-files.com/68488fc0455da0e2a61aedf8_IMG_2844-1--p-800-008d131e7a.png
https://cdn.prod.website-files.com/634910f1d2f3b435adfff513/68488fc0455da0e2a61aedf8_IMG_2844%20(1).png	assets/cdn.prod.website-files.com/68488fc0455da0e2a61aedf8_IMG_2844-1-554db15de1.png
https://cdn.prod.website-files.com/634910f1d2f3b435adfff513/685c9449ecae40d2f9b911c0_110_1x_shots_so%20(1)-p-1080.png	assets/cdn.prod.website-files.com/685c9449ecae40d2f9b911c0_110_1x_shots_so-1--p-1080-f9c0798d14.png
https://cdn.prod.website-files.com/634910f1d2f3b435adfff513/685c9449ecae40d2f9b911c0_110_1x_shots_so%20(1)-p-1600.png	assets/cdn.prod.website-files.com/685c9449ecae40d2f9b911c0_110_1x_shots_so-1--p-1600-e784240761.png
https://cdn.prod.website-files.com/634910f1d2f3b435adfff513/685c9449ecae40d2f9b911c0_110_1x_shots_so%20(1)-p-2000.png	assets/cdn.prod.website-files.com/685c9449ecae40d2f9b911c0_110_1x_shots_so-1--p-2000-2526661b03.png
https://cdn.prod.website-files.com/634910f1d2f3b435adfff513/685c9449ecae40d2f9b911c0_110_1x_shots_so%20(1)-p-500.png	assets/cdn.prod.website-files.com/685c9449ecae40d2f9b911c0_110_1x_shots_so-1--p-500-abf449bf9a.png
https://cdn.prod.website-files.com/634910f1d2f3b435adfff513/685c9449ecae40d2f9b911c0_110_1x_shots_so%20(1)-p-800.png	assets/cdn.prod.website-files.com/685c9449ecae40d2f9b911c0_110_1x_shots_so-1--p-800-59ce1dfda6.png
https://cdn.prod.website-files.com/634910f1d2f3b435adfff513/685c9449ecae40d2f9b911c0_110_1x_shots_so%20(1).png	assets/cdn.prod.website-files.com/685c9449ecae40d2f9b911c0_110_1x_shots_so-1-b8748c0147.png
https://cdn.prod.website-files.com/634910f1d2f3b435adfff513/685dde55f331f02becabae3b_verified-badge-profile-icon-png.webp	assets/cdn.prod.website-files.com/685dde55f331f02becabae3b_verified-badge-profile-icon-png-e3636995ee.webp
https://cdn.prod.website-files.com/634910f1d2f3b435adfff513/68870b1378c3eb0e7c8dd739_AnamitraJana_Resume_Des-p-500.png	assets/cdn.prod.website-files.com/68870b1378c3eb0e7c8dd739_AnamitraJana_Resume_Des-p-500-f6ebcd282e.png
https://cdn.prod.website-files.com/634910f1d2f3b435adfff513/68870b1378c3eb0e7c8dd739_AnamitraJana_Resume_Des-p-800.png	assets/cdn.prod.website-files.com/68870b1378c3eb0e7c8dd739_AnamitraJana_Resume_Des-p-800-b0e63e3514.png
https://cdn.prod.website-files.com/634910f1d2f3b435adfff513/68870b1378c3eb0e7c8dd739_AnamitraJana_Resume_Des.png	assets/cdn.prod.website-files.com/68870b1378c3eb0e7c8dd739_AnamitraJana_Resume_Des-1defd56042.png
https://cdn.prod.website-files.com/634910f1d2f3b435adfff513/68870b534499458c3bad3999_AnamitraJana_Resume_Des.pdf	assets/cdn.prod.website-files.com/68870b534499458c3bad3999_AnamitraJana_Resume_Des-8f5113446b.pdf
https://cdn.prod.website-files.com/634910f1d2f3b435adfff513/68870b8bbff1d28bc62c1b60_AnamitraJana_Resume_Updated%20July25.pdf	assets/cdn.prod.website-files.com/68870b8bbff1d28bc62c1b60_AnamitraJana_Resume_Updated-July25-c1088c5ba7.pdf
https://cdn.prod.website-files.com/634910f1d2f3b435adfff513/688bf1b35ab745b1961edb19_lock.fill.png	assets/cdn.prod.website-files.com/688bf1b35ab745b1961edb19_lock.fill-9cb0a73a6a.png
https://cdn.prod.website-files.com/634910f1d2f3b435adfff513/688dbc55541b7097726ac085_female%20user.png	assets/cdn.prod.website-files.com/688dbc55541b7097726ac085_female-user-0d2c1a620c.png
https://cdn.prod.website-files.com/634910f1d2f3b435adfff513/688dbc55e6aa34ff6a531358_male%20user.png	assets/cdn.prod.website-files.com/688dbc55e6aa34ff6a531358_male-user-3d07d4d7c0.png
https://cdn.prod.website-files.com/634910f1d2f3b435adfff513/68911cb6401960ff15e1b9de_Group%209-p-1080.png	assets/cdn.prod.website-files.com/68911cb6401960ff15e1b9de_Group-9-p-1080-8cf54dca00.png
https://cdn.prod.website-files.com/634910f1d2f3b435adfff513/68911cb6401960ff15e1b9de_Group%209-p-500.png	assets/cdn.prod.website-files.com/68911cb6401960ff15e1b9de_Group-9-p-500-f786a872b7.png
https://cdn.prod.website-files.com/634910f1d2f3b435adfff513/68911cb6401960ff15e1b9de_Group%209-p-800.png	assets/cdn.prod.website-files.com/68911cb6401960ff15e1b9de_Group-9-p-800-e6ffcb4c72.png
https://cdn.prod.website-files.com/634910f1d2f3b435adfff513/68911cb6401960ff15e1b9de_Group%209.png	assets/cdn.prod.website-files.com/68911cb6401960ff15e1b9de_Group-9-613c9b2ec6.png
https://cdn.prod.website-files.com/634910f1d2f3b435adfff513/68911cb69d70fc648e902f0e_Group%2011-p-1080.png	assets/cdn.prod.website-files.com/68911cb69d70fc648e902f0e_Group-11-p-1080-83f46b427d.png
https://cdn.prod.website-files.com/634910f1d2f3b435adfff513/68911cb69d70fc648e902f0e_Group%2011-p-500.png	assets/cdn.prod.website-files.com/68911cb69d70fc648e902f0e_Group-11-p-500-c1f20859c1.png
https://cdn.prod.website-files.com/634910f1d2f3b435adfff513/68911cb69d70fc648e902f0e_Group%2011-p-800.png	assets/cdn.prod.website-files.com/68911cb69d70fc648e902f0e_Group-11-p-800-6fc76299b8.png
https://cdn.prod.website-files.com/634910f1d2f3b435adfff513/68911cb69d70fc648e902f0e_Group%2011.png	assets/cdn.prod.website-files.com/68911cb69d70fc648e902f0e_Group-11-6e7da04f5f.png
https://cdn.prod.website-files.com/634910f1d2f3b435adfff513/68912deb53e3af3736526f43_design%20system%20featurely%20ai-p-1080.png	assets/cdn.prod.website-files.com/68912deb53e3af3736526f43_design-system-featurely-ai-p-1080-62a12141c2.png
https://cdn.prod.website-files.com/634910f1d2f3b435adfff513/68912deb53e3af3736526f43_design%20system%20featurely%20ai-p-1600.png	assets/cdn.prod.website-files.com/68912deb53e3af3736526f43_design-system-featurely-ai-p-1600-d1969256d3.png
https://cdn.prod.website-files.com/634910f1d2f3b435adfff513/68912deb53e3af3736526f43_design%20system%20featurely%20ai-p-2000.png	assets/cdn.prod.website-files.com/68912deb53e3af3736526f43_design-system-featurely-ai-p-2000-3e7c97ef6b.png
https://cdn.prod.website-files.com/634910f1d2f3b435adfff513/68912deb53e3af3736526f43_design%20system%20featurely%20ai-p-2600.png	assets/cdn.prod.website-files.com/68912deb53e3af3736526f43_design-system-featurely-ai-p-2600-da12a711fb.png
https://cdn.prod.website-files.com/634910f1d2f3b435adfff513/68912deb53e3af3736526f43_design%20system%20featurely%20ai-p-3200.png	assets/cdn.prod.website-files.com/68912deb53e3af3736526f43_design-system-featurely-ai-p-3200-a83b6d5260.png
https://cdn.prod.website-files.com/634910f1d2f3b435adfff513/68912deb53e3af3736526f43_design%20system%20featurely%20ai-p-500.png	assets/cdn.prod.website-files.com/68912deb53e3af3736526f43_design-system-featurely-ai-p-500-e6df26a914.png
https://cdn.prod.website-files.com/634910f1d2f3b435adfff513/68912deb53e3af3736526f43_design%20system%20featurely%20ai-p-800.png	assets/cdn.prod.website-files.com/68912deb53e3af3736526f43_design-system-featurely-ai-p-800-e76a276890.png
https://cdn.prod.website-files.com/634910f1d2f3b435adfff513/68912deb53e3af3736526f43_design%20system%20featurely%20ai.png	assets/cdn.prod.website-files.com/68912deb53e3af3736526f43_design-system-featurely-ai-6677583d6d.png
https://cdn.prod.website-files.com/634910f1d2f3b435adfff513/68912f94495042d921943376_Your-Study-Synthetic-Users-user-research-without-the-headaches-05-06-2025_10_19_PM-p-1080.png	assets/cdn.prod.website-files.com/68912f94495042d921943376_Your-Study-Synthetic-Users-user-research-without-the-headaches-05-06-2025_10_19_PM-p-1080-a823914d89.png
https://cdn.prod.website-files.com/634910f1d2f3b435adfff513/68912f94495042d921943376_Your-Study-Synthetic-Users-user-research-without-the-headaches-05-06-2025_10_19_PM-p-1600.png	assets/cdn.prod.website-files.com/68912f94495042d921943376_Your-Study-Synthetic-Users-user-research-without-the-headaches-05-06-2025_10_19_PM-p-1600-aca8897527.png
https://cdn.prod.website-files.com/634910f1d2f3b435adfff513/68912f94495042d921943376_Your-Study-Synthetic-Users-user-research-without-the-headaches-05-06-2025_10_19_PM-p-500.png	assets/cdn.prod.website-files.com/68912f94495042d921943376_Your-Study-Synthetic-Users-user-research-without-the-headaches-05-06-2025_10_19_PM-p-500-c5518a5cb4.png
https://cdn.prod.website-files.com/634910f1d2f3b435adfff513/68912f94495042d921943376_Your-Study-Synthetic-Users-user-research-without-the-headaches-05-06-2025_10_19_PM-p-800.png	assets/cdn.prod.website-files.com/68912f94495042d921943376_Your-Study-Synthetic-Users-user-research-without-the-headaches-05-06-2025_10_19_PM-p-800-d8609c494c.png
https://cdn.prod.website-files.com/634910f1d2f3b435adfff513/68912f94495042d921943376_Your-Study-Synthetic-Users-user-research-without-the-headaches-05-06-2025_10_19_PM.png	assets/cdn.prod.website-files.com/68912f94495042d921943376_Your-Study-Synthetic-Users-user-research-without-the-headaches-05-06-2025_10_19_PM-ea1b2d750b.png
https://cdn.prod.website-files.com/634910f1d2f3b435adfff513/68912fd92ffc3472b2ab0486_issue%204-1-p-1080.png	assets/cdn.prod.website-files.com/68912fd92ffc3472b2ab0486_issue-4-1-p-1080-67a705f19b.png
https://cdn.prod.website-files.com/634910f1d2f3b435adfff513/68912fd92ffc3472b2ab0486_issue%204-1-p-1600.png	assets/cdn.prod.website-files.com/68912fd92ffc3472b2ab0486_issue-4-1-p-1600-fc95428184.png
https://cdn.prod.website-files.com/634910f1d2f3b435adfff513/68912fd92ffc3472b2ab0486_issue%204-1-p-500.png	assets/cdn.prod.website-files.com/68912fd92ffc3472b2ab0486_issue-4-1-p-500-9ed1e17b15.png
https://cdn.prod.website-files.com/634910f1d2f3b435adfff513/68912fd92ffc3472b2ab0486_issue%204-1-p-800.png	assets/cdn.prod.website-files.com/68912fd92ffc3472b2ab0486_issue-4-1-p-800-abe9fbb8e4.png
https://cdn.prod.website-files.com/634910f1d2f3b435adfff513/68912fd92ffc3472b2ab0486_issue%204-1.png	assets/cdn.prod.website-files.com/68912fd92ffc3472b2ab0486_issue-4-1-592f6fc91e.png
https://cdn.prod.website-files.com/634910f1d2f3b435adfff513/68912fd958546f4b36ee40b5_issue%202-1-p-1080.png	assets/cdn.prod.website-files.com/68912fd958546f4b36ee40b5_issue-2-1-p-1080-5f49ee4973.png
https://cdn.prod.website-files.com/634910f1d2f3b435adfff513/68912fd958546f4b36ee40b5_issue%202-1-p-500.png	assets/cdn.prod.website-files.com/68912fd958546f4b36ee40b5_issue-2-1-p-500-6955543370.png
https://cdn.prod.website-files.com/634910f1d2f3b435adfff513/68912fd958546f4b36ee40b5_issue%202-1-p-800.png	assets/cdn.prod.website-files.com/68912fd958546f4b36ee40b5_issue-2-1-p-800-deaee4ca57.png
https://cdn.prod.website-files.com/634910f1d2f3b435adfff513/68912fd958546f4b36ee40b5_issue%202-1.png	assets/cdn.prod.website-files.com/68912fd958546f4b36ee40b5_issue-2-1-dd942821ff.png
https://cdn.prod.website-files.com/634910f1d2f3b435adfff513/68912fda2f20cbc315f26b11_issue%204-2-p-1080.png	assets/cdn.prod.website-files.com/68912fda2f20cbc315f26b11_issue-4-2-p-1080-6e5ebb119e.png
https://cdn.prod.website-files.com/634910f1d2f3b435adfff513/68912fda2f20cbc315f26b11_issue%204-2-p-1600.png	assets/cdn.prod.website-files.com/68912fda2f20cbc315f26b11_issue-4-2-p-1600-76f322fc07.png
https://cdn.prod.website-files.com/634910f1d2f3b435adfff513/68912fda2f20cbc315f26b11_issue%204-2-p-500.png	assets/cdn.prod.website-files.com/68912fda2f20cbc315f26b11_issue-4-2-p-500-68bd4ab323.png
https://cdn.prod.website-files.com/634910f1d2f3b435adfff513/68912fda2f20cbc315f26b11_issue%204-2-p-800.png	assets/cdn.prod.website-files.com/68912fda2f20cbc315f26b11_issue-4-2-p-800-bd9888d6dc.png
https://cdn.prod.website-files.com/634910f1d2f3b435adfff513/68912fda2f20cbc315f26b11_issue%204-2.png	assets/cdn.prod.website-files.com/68912fda2f20cbc315f26b11_issue-4-2-2a74999619.png
https://cdn.prod.website-files.com/634910f1d2f3b435adfff513/68912fdacaa33acc0d7e61a3_chat%20with%20user%202%20live-p-1080.png	assets/cdn.prod.website-files.com/68912fdacaa33acc0d7e61a3_chat-with-user-2-live-p-1080-ba9c3e2d02.png
https://cdn.prod.website-files.com/634910f1d2f3b435adfff513/68912fdacaa33acc0d7e61a3_chat%20with%20user%202%20live-p-1600.png	assets/cdn.prod.website-files.com/68912fdacaa33acc0d7e61a3_chat-with-user-2-live-p-1600-44f3f67e5b.png
https://cdn.prod.website-files.com/634910f1d2f3b435adfff513/68912fdacaa33acc0d7e61a3_chat%20with%20user%202%20live-p-500.png	assets/cdn.prod.website-files.com/68912fdacaa33acc0d7e61a3_chat-with-user-2-live-p-500-65fe3df88f.png
https://cdn.prod.website-files.com/634910f1d2f3b435adfff513/68912fdacaa33acc0d7e61a3_chat%20with%20user%202%20live-p-800.png	assets/cdn.prod.website-files.com/68912fdacaa33acc0d7e61a3_chat-with-user-2-live-p-800-64835914ab.png
https://cdn.prod.website-files.com/634910f1d2f3b435adfff513/68912fdacaa33acc0d7e61a3_chat%20with%20user%202%20live.png	assets/cdn.prod.website-files.com/68912fdacaa33acc0d7e61a3_chat-with-user-2-live-918bddffc7.png
https://cdn.prod.website-files.com/634910f1d2f3b435adfff513/6891344d173c5f4391d63fc6_Imagen%20de%20WhatsApp%202025-05-12%20a%20las%2021.38.40_221ec5c0-p-1080.jpg	assets/cdn.prod.website-files.com/6891344d173c5f4391d63fc6_Imagen-de-WhatsApp-2025-05-12-a-las-21.38.40_221ec5c0-p-1080-3bd0308fb1.jpg
https://cdn.prod.website-files.com/634910f1d2f3b435adfff513/6891344d173c5f4391d63fc6_Imagen%20de%20WhatsApp%202025-05-12%20a%20las%2021.38.40_221ec5c0-p-500.jpg	assets/cdn.prod.website-files.com/6891344d173c5f4391d63fc6_Imagen-de-WhatsApp-2025-05-12-a-las-21.38.40_221ec5c0-p-500-54148f9eac.jpg
https://cdn.prod.website-files.com/634910f1d2f3b435adfff513/6891344d173c5f4391d63fc6_Imagen%20de%20WhatsApp%202025-05-12%20a%20las%2021.38.40_221ec5c0-p-800.jpg	assets/cdn.prod.website-files.com/6891344d173c5f4391d63fc6_Imagen-de-WhatsApp-2025-05-12-a-las-21.38.40_221ec5c0-p-800-c6543e2f92.jpg
https://cdn.prod.website-files.com/634910f1d2f3b435adfff513/6891344d173c5f4391d63fc6_Imagen%20de%20WhatsApp%202025-05-12%20a%20las%2021.38.40_221ec5c0.jpg	assets/cdn.prod.website-files.com/6891344d173c5f4391d63fc6_Imagen-de-WhatsApp-2025-05-12-a-las-21.38.40_221ec5c0-2335a5ee4b.jpg
https://cdn.prod.website-files.com/634910f1d2f3b435adfff513/6891344d47f76a92eeb0242c_IMG_0424%20(1)-p-1080.jpg	assets/cdn.prod.website-files.com/6891344d47f76a92eeb0242c_IMG_0424-1--p-1080-49fa3dbe76.jpg
https://cdn.prod.website-files.com/634910f1d2f3b435adfff513/6891344d47f76a92eeb0242c_IMG_0424%20(1)-p-500.jpg	assets/cdn.prod.website-files.com/6891344d47f76a92eeb0242c_IMG_0424-1--p-500-14f6938e7c.jpg
https://cdn.prod.website-files.com/634910f1d2f3b435adfff513/6891344d47f76a92eeb0242c_IMG_0424%20(1)-p-800.jpg	assets/cdn.prod.website-files.com/6891344d47f76a92eeb0242c_IMG_0424-1--p-800-366428dc25.jpg
https://cdn.prod.website-files.com/634910f1d2f3b435adfff513/6891344d47f76a92eeb0242c_IMG_0424%20(1).jpg	assets/cdn.prod.website-files.com/6891344d47f76a92eeb0242c_IMG_0424-1-4a0d896a58.jpg
https://cdn.prod.website-files.com/634910f1d2f3b435adfff513/6891344dcaa33acc0d7f6587_IMG_0425%20(1)-p-1080.jpg	assets/cdn.prod.website-files.com/6891344dcaa33acc0d7f6587_IMG_0425-1--p-1080-bcbee2c146.jpg
https://cdn.prod.website-files.com/634910f1d2f3b435adfff513/6891344dcaa33acc0d7f6587_IMG_0425%20(1)-p-500.jpg	assets/cdn.prod.website-files.com/6891344dcaa33acc0d7f6587_IMG_0425-1--p-500-a4c5fb58b0.jpg
https://cdn.prod.website-files.com/634910f1d2f3b435adfff513/6891344dcaa33acc0d7f6587_IMG_0425%20(1)-p-800.jpg	assets/cdn.prod.website-files.com/6891344dcaa33acc0d7f6587_IMG_0425-1--p-800-ac88cad569.jpg
https://cdn.prod.website-files.com/634910f1d2f3b435adfff513/6891344dcaa33acc0d7f6587_IMG_0425%20(1).jpg	assets/cdn.prod.website-files.com/6891344dcaa33acc0d7f6587_IMG_0425-1-f725c7018c.jpg
https://cdn.prod.website-files.com/634910f1d2f3b435adfff513/6891344e52b27ac7a6b3c67c_IMG_0426%20(1)-p-1080.jpg	assets/cdn.prod.website-files.com/6891344e52b27ac7a6b3c67c_IMG_0426-1--p-1080-31e6648c6f.jpg
https://cdn.prod.website-files.com/634910f1d2f3b435adfff513/6891344e52b27ac7a6b3c67c_IMG_0426%20(1)-p-1600.jpg	assets/cdn.prod.website-files.com/6891344e52b27ac7a6b3c67c_IMG_0426-1--p-1600-d8ca44df83.jpg
https://cdn.prod.website-files.com/634910f1d2f3b435adfff513/6891344e52b27ac7a6b3c67c_IMG_0426%20(1)-p-500.jpg	assets/cdn.prod.website-files.com/6891344e52b27ac7a6b3c67c_IMG_0426-1--p-500-240ed871ab.jpg
https://cdn.prod.website-files.com/634910f1d2f3b435adfff513/6891344e52b27ac7a6b3c67c_IMG_0426%20(1)-p-800.jpg	assets/cdn.prod.website-files.com/6891344e52b27ac7a6b3c67c_IMG_0426-1--p-800-e7bfd8bfb7.jpg
https://cdn.prod.website-files.com/634910f1d2f3b435adfff513/6891344e52b27ac7a6b3c67c_IMG_0426%20(1).jpg	assets/cdn.prod.website-files.com/6891344e52b27ac7a6b3c67c_IMG_0426-1-6ff84ee043.jpg
https://cdn.prod.website-files.com/634910f1d2f3b435adfff513/6891344e92a353d1171d6e35_PXL_20250513_130235722%20(1)-p-1080.jpg	assets/cdn.prod.website-files.com/6891344e92a353d1171d6e35_PXL_20250513_130235722-1--p-1080-7bdff65d16.jpg
https://cdn.prod.website-files.com/634910f1d2f3b435adfff513/6891344e92a353d1171d6e35_PXL_20250513_130235722%20(1)-p-1600.jpg	assets/cdn.prod.website-files.com/6891344e92a353d1171d6e35_PXL_20250513_130235722-1--p-1600-fa34ea180d.jpg
https://cdn.prod.website-files.com/634910f1d2f3b435adfff513/6891344e92a353d1171d6e35_PXL_20250513_130235722%20(1)-p-2000.jpg	assets/cdn.prod.website-files.com/6891344e92a353d1171d6e35_PXL_20250513_130235722-1--p-2000-494f93c906.jpg
https://cdn.prod.website-files.com/634910f1d2f3b435adfff513/6891344e92a353d1171d6e35_PXL_20250513_130235722%20(1)-p-2600.jpg	assets/cdn.prod.website-files.com/6891344e92a353d1171d6e35_PXL_20250513_130235722-1--p-2600-a7725ecc82.jpg
https://cdn.prod.website-files.com/634910f1d2f3b435adfff513/6891344e92a353d1171d6e35_PXL_20250513_130235722%20(1)-p-500.jpg	assets/cdn.prod.website-files.com/6891344e92a353d1171d6e35_PXL_20250513_130235722-1--p-500-15f5f46c79.jpg
https://cdn.prod.website-files.com/634910f1d2f3b435adfff513/6891344e92a353d1171d6e35_PXL_20250513_130235722%20(1)-p-800.jpg	assets/cdn.prod.website-files.com/6891344e92a353d1171d6e35_PXL_20250513_130235722-1--p-800-3f0663fbf5.jpg
https://cdn.prod.website-files.com/634910f1d2f3b435adfff513/6891344e92a353d1171d6e35_PXL_20250513_130235722%20(1).jpg	assets/cdn.prod.website-files.com/6891344e92a353d1171d6e35_PXL_20250513_130235722-1-eaf5cf4096.jpg
https://cdn.prod.website-files.com/634910f1d2f3b435adfff513/6891344ec3cde8126c86e078_IMG_1278%20(1)-p-1080.jpg	assets/cdn.prod.website-files.com/6891344ec3cde8126c86e078_IMG_1278-1--p-1080-81c331d98b.jpg
https://cdn.prod.website-files.com/634910f1d2f3b435adfff513/6891344ec3cde8126c86e078_IMG_1278%20(1)-p-1600.jpg	assets/cdn.prod.website-files.com/6891344ec3cde8126c86e078_IMG_1278-1--p-1600-0f3990764f.jpg
https://cdn.prod.website-files.com/634910f1d2f3b435adfff513/6891344ec3cde8126c86e078_IMG_1278%20(1)-p-2000.jpg	assets/cdn.prod.website-files.com/6891344ec3cde8126c86e078_IMG_1278-1--p-2000-4b80cc0673.jpg
https://cdn.prod.website-files.com/634910f1d2f3b435adfff513/6891344ec3cde8126c86e078_IMG_1278%20(1)-p-2600.jpg	assets/cdn.prod.website-files.com/6891344ec3cde8126c86e078_IMG_1278-1--p-2600-37b6ef913a.jpg
https://cdn.prod.website-files.com/634910f1d2f3b435adfff513/6891344ec3cde8126c86e078_IMG_1278%20(1)-p-3200.jpg	assets/cdn.prod.website-files.com/6891344ec3cde8126c86e078_IMG_1278-1--p-3200-4221c5c6fd.jpg
https://cdn.prod.website-files.com/634910f1d2f3b435adfff513/6891344ec3cde8126c86e078_IMG_1278%20(1)-p-500.jpg	assets/cdn.prod.website-files.com/6891344ec3cde8126c86e078_IMG_1278-1--p-500-2bfc50476d.jpg
https://cdn.prod.website-files.com/634910f1d2f3b435adfff513/6891344ec3cde8126c86e078_IMG_1278%20(1)-p-800.jpg	assets/cdn.prod.website-files.com/6891344ec3cde8126c86e078_IMG_1278-1--p-800-2717f5e716.jpg
https://cdn.prod.website-files.com/634910f1d2f3b435adfff513/6891344ec3cde8126c86e078_IMG_1278%20(1).jpg	assets/cdn.prod.website-files.com/6891344ec3cde8126c86e078_IMG_1278-1-cc57bdcbb3.jpg
https://cdn.prod.website-files.com/634910f1d2f3b435adfff513/689134501b20c3271ab2d53e_IMG_1043%20(1)%20(1)-p-1080.jpg	assets/cdn.prod.website-files.com/689134501b20c3271ab2d53e_IMG_1043-1-1--p-1080-1c5f5097ad.jpg
https://cdn.prod.website-files.com/634910f1d2f3b435adfff513/689134501b20c3271ab2d53e_IMG_1043%20(1)%20(1)-p-1600.jpg	assets/cdn.prod.website-files.com/689134501b20c3271ab2d53e_IMG_1043-1-1--p-1600-138f63b011.jpg
https://cdn.prod.website-files.com/634910f1d2f3b435adfff513/689134501b20c3271ab2d53e_IMG_1043%20(1)%20(1)-p-2000.jpg	assets/cdn.prod.website-files.com/689134501b20c3271ab2d53e_IMG_1043-1-1--p-2000-5c2f26bec7.jpg
https://cdn.prod.website-files.com/634910f1d2f3b435adfff513/689134501b20c3271ab2d53e_IMG_1043%20(1)%20(1)-p-2600.jpg	assets/cdn.prod.website-files.com/689134501b20c3271ab2d53e_IMG_1043-1-1--p-2600-c69ef71a2f.jpg
https://cdn.prod.website-files.com/634910f1d2f3b435adfff513/689134501b20c3271ab2d53e_IMG_1043%20(1)%20(1)-p-3200.jpg	assets/cdn.prod.website-files.com/689134501b20c3271ab2d53e_IMG_1043-1-1--p-3200-59007b504c.jpg
https://cdn.prod.website-files.com/634910f1d2f3b435adfff513/689134501b20c3271ab2d53e_IMG_1043%20(1)%20(1)-p-500.jpg	assets/cdn.prod.website-files.com/689134501b20c3271ab2d53e_IMG_1043-1-1--p-500-a534e50f02.jpg
https://cdn.prod.website-files.com/634910f1d2f3b435adfff513/689134501b20c3271ab2d53e_IMG_1043%20(1)%20(1)-p-800.jpg	assets/cdn.prod.website-files.com/689134501b20c3271ab2d53e_IMG_1043-1-1--p-800-98feb9e014.jpg
https://cdn.prod.website-files.com/634910f1d2f3b435adfff513/689134501b20c3271ab2d53e_IMG_1043%20(1)%20(1).jpg	assets/cdn.prod.website-files.com/689134501b20c3271ab2d53e_IMG_1043-1-1-6fcc72c570.jpg
https://cdn.prod.website-files.com/634910f1d2f3b435adfff513/68915b0cfcec14193e91ec82_Frame%20156-p-1080.png	assets/cdn.prod.website-files.com/68915b0cfcec14193e91ec82_Frame-156-p-1080-2f4a8b2a7d.png
https://cdn.prod.website-files.com/634910f1d2f3b435adfff513/68915b0cfcec14193e91ec82_Frame%20156-p-1600.png	assets/cdn.prod.website-files.com/68915b0cfcec14193e91ec82_Frame-156-p-1600-d4e42e7e02.png
https://cdn.prod.website-files.com/634910f1d2f3b435adfff513/68915b0cfcec14193e91ec82_Frame%20156-p-2000.png	assets/cdn.prod.website-files.com/68915b0cfcec14193e91ec82_Frame-156-p-2000-3c56683e69.png
https://cdn.prod.website-files.com/634910f1d2f3b435adfff513/68915b0cfcec14193e91ec82_Frame%20156-p-2600.png	assets/cdn.prod.website-files.com/68915b0cfcec14193e91ec82_Frame-156-p-2600-eb2f8721d8.png
https://cdn.prod.website-files.com/634910f1d2f3b435adfff513/68915b0cfcec14193e91ec82_Frame%20156-p-500.png	assets/cdn.prod.website-files.com/68915b0cfcec14193e91ec82_Frame-156-p-500-2bdc5a6aed.png
https://cdn.prod.website-files.com/634910f1d2f3b435adfff513/68915b0cfcec14193e91ec82_Frame%20156-p-800.png	assets/cdn.prod.website-files.com/68915b0cfcec14193e91ec82_Frame-156-p-800-70e1e487f1.png
https://cdn.prod.website-files.com/634910f1d2f3b435adfff513/68915b0cfcec14193e91ec82_Frame%20156.png	assets/cdn.prod.website-files.com/68915b0cfcec14193e91ec82_Frame-156-f21d5bc4c6.png
https://cdn.prod.website-files.com/634910f1d2f3b435adfff513/68915b0d3119380b125c677b_Frame%20167-p-1080.png	assets/cdn.prod.website-files.com/68915b0d3119380b125c677b_Frame-167-p-1080-56d4ebe557.png
https://cdn.prod.website-files.com/634910f1d2f3b435adfff513/68915b0d3119380b125c677b_Frame%20167-p-1600.png	assets/cdn.prod.website-files.com/68915b0d3119380b125c677b_Frame-167-p-1600-4a44cbd58c.png
https://cdn.prod.website-files.com/634910f1d2f3b435adfff513/68915b0d3119380b125c677b_Frame%20167-p-2000.png	assets/cdn.prod.website-files.com/68915b0d3119380b125c677b_Frame-167-p-2000-50b48af502.png
https://cdn.prod.website-files.com/634910f1d2f3b435adfff513/68915b0d3119380b125c677b_Frame%20167-p-2600.png	assets/cdn.prod.website-files.com/68915b0d3119380b125c677b_Frame-167-p-2600-b0f7752ccc.png
https://cdn.prod.website-files.com/634910f1d2f3b435adfff513/68915b0d3119380b125c677b_Frame%20167-p-500.png	assets/cdn.prod.website-files.com/68915b0d3119380b125c677b_Frame-167-p-500-be8858e420.png
https://cdn.prod.website-files.com/634910f1d2f3b435adfff513/68915b0d3119380b125c677b_Frame%20167-p-800.png	assets/cdn.prod.website-files.com/68915b0d3119380b125c677b_Frame-167-p-800-ba0d2bb0c8.png
https://cdn.prod.website-files.com/634910f1d2f3b435adfff513/68915b0d3119380b125c677b_Frame%20167.png	assets/cdn.prod.website-files.com/68915b0d3119380b125c677b_Frame-167-3dd21c55fc.png
https://cdn.prod.website-files.com/634910f1d2f3b435adfff513/6891645f8d9aa1189216559b_Hero%20Featurely%205%20(1)-p-1080.png	assets/cdn.prod.website-files.com/6891645f8d9aa1189216559b_Hero-Featurely-5-1--p-1080-6e57c8895d.png
https://cdn.prod.website-files.com/634910f1d2f3b435adfff513/6891645f8d9aa1189216559b_Hero%20Featurely%205%20(1)-p-1600.png	assets/cdn.prod.website-files.com/6891645f8d9aa1189216559b_Hero-Featurely-5-1--p-1600-eaa17eb8cb.png
https://cdn.prod.website-files.com/634910f1d2f3b435adfff513/6891645f8d9aa1189216559b_Hero%20Featurely%205%20(1)-p-2000.png	assets/cdn.prod.website-files.com/6891645f8d9aa1189216559b_Hero-Featurely-5-1--p-2000-77f294e006.png
https://cdn.prod.website-files.com/634910f1d2f3b435adfff513/6891645f8d9aa1189216559b_Hero%20Featurely%205%20(1)-p-2600.png	assets/cdn.prod.website-files.com/6891645f8d9aa1189216559b_Hero-Featurely-5-1--p-2600-a0bbeda924.png
https://cdn.prod.website-files.com/634910f1d2f3b435adfff513/6891645f8d9aa1189216559b_Hero%20Featurely%205%20(1)-p-3200.png	assets/cdn.prod.website-files.com/6891645f8d9aa1189216559b_Hero-Featurely-5-1--p-3200-1136113231.png
https://cdn.prod.website-files.com/634910f1d2f3b435adfff513/6891645f8d9aa1189216559b_Hero%20Featurely%205%20(1)-p-500.png	assets/cdn.prod.website-files.com/6891645f8d9aa1189216559b_Hero-Featurely-5-1--p-500-b55f426448.png
https://cdn.prod.website-files.com/634910f1d2f3b435adfff513/6891645f8d9aa1189216559b_Hero%20Featurely%205%20(1)-p-800.png	assets/cdn.prod.website-files.com/6891645f8d9aa1189216559b_Hero-Featurely-5-1--p-800-97f07c2501.png
https://cdn.prod.website-files.com/634910f1d2f3b435adfff513/6891645f8d9aa1189216559b_Hero%20Featurely%205%20(1).png	assets/cdn.prod.website-files.com/6891645f8d9aa1189216559b_Hero-Featurely-5-1-037c6cecac.png
https://cdn.prod.website-files.com/634910f1d2f3b435adfff513/6891bacf02a78e4d335cb899_770_1x_shots_so%20(1)-p-1080.png	assets/cdn.prod.website-files.com/6891bacf02a78e4d335cb899_770_1x_shots_so-1--p-1080-2715090978.png
https://cdn.prod.website-files.com/634910f1d2f3b435adfff513/6891bacf02a78e4d335cb899_770_1x_shots_so%20(1)-p-1600.png	assets/cdn.prod.website-files.com/6891bacf02a78e4d335cb899_770_1x_shots_so-1--p-1600-a9181b1c79.png
https://cdn.prod.website-files.com/634910f1d2f3b435adfff513/6891bacf02a78e4d335cb899_770_1x_shots_so%20(1)-p-2000.png	assets/cdn.prod.website-files.com/6891bacf02a78e4d335cb899_770_1x_shots_so-1--p-2000-418af680d5.png
https://cdn.prod.website-files.com/634910f1d2f3b435adfff513/6891bacf02a78e4d335cb899_770_1x_shots_so%20(1)-p-500.png	assets/cdn.prod.website-files.com/6891bacf02a78e4d335cb899_770_1x_shots_so-1--p-500-05d2ba8185.png
https://cdn.prod.website-files.com/634910f1d2f3b435adfff513/6891bacf02a78e4d335cb899_770_1x_shots_so%20(1)-p-800.png	assets/cdn.prod.website-files.com/6891bacf02a78e4d335cb899_770_1x_shots_so-1--p-800-c9f50c6994.png
https://cdn.prod.website-files.com/634910f1d2f3b435adfff513/6891bacf02a78e4d335cb899_770_1x_shots_so%20(1).png	assets/cdn.prod.website-files.com/6891bacf02a78e4d335cb899_770_1x_shots_so-1-da3f76eae9.png
https://cdn.prod.website-files.com/634910f1d2f3b435adfff513/6891bad19508bc4371a05f59_273_1x_shots_so%20(1)-p-1080.png	assets/cdn.prod.website-files.com/6891bad19508bc4371a05f59_273_1x_shots_so-1--p-1080-17698ffe6e.png
https://cdn.prod.website-files.com/634910f1d2f3b435adfff513/6891bad19508bc4371a05f59_273_1x_shots_so%20(1)-p-1600.png	assets/cdn.prod.website-files.com/6891bad19508bc4371a05f59_273_1x_shots_so-1--p-1600-cbba35c059.png
https://cdn.prod.website-files.com/634910f1d2f3b435adfff513/6891bad19508bc4371a05f59_273_1x_shots_so%20(1)-p-2000.png	assets/cdn.prod.website-files.com/6891bad19508bc4371a05f59_273_1x_shots_so-1--p-2000-a6b4c702f5.png
https://cdn.prod.website-files.com/634910f1d2f3b435adfff513/6891bad19508bc4371a05f59_273_1x_shots_so%20(1)-p-500.png	assets/cdn.prod.website-files.com/6891bad19508bc4371a05f59_273_1x_shots_so-1--p-500-ad207a2268.png
https://cdn.prod.website-files.com/634910f1d2f3b435adfff513/6891bad19508bc4371a05f59_273_1x_shots_so%20(1)-p-800.png	assets/cdn.prod.website-files.com/6891bad19508bc4371a05f59_273_1x_shots_so-1--p-800-10b4a28750.png
https://cdn.prod.website-files.com/634910f1d2f3b435adfff513/6891bad19508bc4371a05f59_273_1x_shots_so%20(1).png	assets/cdn.prod.website-files.com/6891bad19508bc4371a05f59_273_1x_shots_so-1-c69726f82b.png
https://cdn.prod.website-files.com/634910f1d2f3b435adfff513/6892f4c646cc496e4f5c269d_465_1x_shots_so%20(1)-p-1080.png	assets/cdn.prod.website-files.com/6892f4c646cc496e4f5c269d_465_1x_shots_so-1--p-1080-d2ba0b0ef6.png
https://cdn.prod.website-files.com/634910f1d2f3b435adfff513/6892f4c646cc496e4f5c269d_465_1x_shots_so%20(1)-p-1600.png	assets/cdn.prod.website-files.com/6892f4c646cc496e4f5c269d_465_1x_shots_so-1--p-1600-ff695e0dd9.png
https://cdn.prod.website-files.com/634910f1d2f3b435adfff513/6892f4c646cc496e4f5c269d_465_1x_shots_so%20(1)-p-2000.png	assets/cdn.prod.website-files.com/6892f4c646cc496e4f5c269d_465_1x_shots_so-1--p-2000-8a9a0f238c.png
https://cdn.prod.website-files.com/634910f1d2f3b435adfff513/6892f4c646cc496e4f5c269d_465_1x_shots_so%20(1)-p-500.png	assets/cdn.prod.website-files.com/6892f4c646cc496e4f5c269d_465_1x_shots_so-1--p-500-d3a1308d89.png
https://cdn.prod.website-files.com/634910f1d2f3b435adfff513/6892f4c646cc496e4f5c269d_465_1x_shots_so%20(1)-p-800.png	assets/cdn.prod.website-files.com/6892f4c646cc496e4f5c269d_465_1x_shots_so-1--p-800-4d64d31653.png
https://cdn.prod.website-files.com/634910f1d2f3b435adfff513/6892f4c646cc496e4f5c269d_465_1x_shots_so%20(1).png	assets/cdn.prod.website-files.com/6892f4c646cc496e4f5c269d_465_1x_shots_so-1-5d532329be.png
https://cdn.prod.website-files.com/634910f1d2f3b435adfff513/6895120e478ae2060a7e05a6_917_1x_shots_so%20(1)-p-1080.png	assets/cdn.prod.website-files.com/6895120e478ae2060a7e05a6_917_1x_shots_so-1--p-1080-2d740a064f.png
https://cdn.prod.website-files.com/634910f1d2f3b435adfff513/6895120e478ae2060a7e05a6_917_1x_shots_so%20(1)-p-1600.png	assets/cdn.prod.website-files.com/6895120e478ae2060a7e05a6_917_1x_shots_so-1--p-1600-bba70e57b0.png
https://cdn.prod.website-files.com/634910f1d2f3b435adfff513/6895120e478ae2060a7e05a6_917_1x_shots_so%20(1)-p-2000.png	assets/cdn.prod.website-files.com/6895120e478ae2060a7e05a6_917_1x_shots_so-1--p-2000-4ad5191553.png
https://cdn.prod.website-files.com/634910f1d2f3b435adfff513/6895120e478ae2060a7e05a6_917_1x_shots_so%20(1)-p-500.png	assets/cdn.prod.website-files.com/6895120e478ae2060a7e05a6_917_1x_shots_so-1--p-500-1714855590.png
https://cdn.prod.website-files.com/634910f1d2f3b435adfff513/6895120e478ae2060a7e05a6_917_1x_shots_so%20(1)-p-800.png	assets/cdn.prod.website-files.com/6895120e478ae2060a7e05a6_917_1x_shots_so-1--p-800-8a333ca44b.png
https://cdn.prod.website-files.com/634910f1d2f3b435adfff513/6895120e478ae2060a7e05a6_917_1x_shots_so%20(1).png	assets/cdn.prod.website-files.com/6895120e478ae2060a7e05a6_917_1x_shots_so-1-cb09618db7.png
https://cdn.prod.website-files.com/634910f1d2f3b435adfff513/css/anamitras-portfolio.webflow.shared.a99c451ba.css	assets/cdn.prod.website-files.com/anamitras-portfolio.webflow.shared.a99c451ba-9161414209.css
https://cdn.prod.website-files.com/634910f1d2f3b435adfff513/js/webflow.c9a79b83.27490b675ce650eb.js	assets/cdn.prod.website-files.com/webflow.c9a79b83.27490b675ce650eb-7642982dff.js
https://cdn.prod.website-files.com/634910f1d2f3b435adfff513/js/webflow.d56c3298.506ae211285f74f4.js	assets/cdn.prod.website-files.com/webflow.d56c3298.506ae211285f74f4-e9d95bc7d3.js
https://cdn.prod.website-files.com/634910f1d2f3b435adfff513/js/webflow.schunk.00eb11bf3c4723aa.js	assets/cdn.prod.website-files.com/webflow.schunk.00eb11bf3c4723aa-7a31bf25a0.js
https://cdn.prod.website-files.com/634910f1d2f3b435adfff513/js/webflow.schunk.36b8fb49256177c8.js	assets/cdn.prod.website-files.com/webflow.schunk.36b8fb49256177c8-59eaaccd2b.js
https://cdn.prod.website-files.com/634910f1d2f3b435adfff513/js/webflow.schunk.f919141e3448519b.js	assets/cdn.prod.website-files.com/webflow.schunk.f919141e3448519b-2090365116.js
https://cdnjs.cloudflare.com/ajax/libs/js-cookie/2.2.1/js.cookie.min.js	assets/cdnjs.cloudflare.com/js.cookie.min-42537575af.js
https://cdnjs.cloudflare.com/ajax/libs/typed.js/2.0.10/typed.min.js	assets/cdnjs.cloudflare.com/typed.min-3967166c4b.js
https://d3e54v103j8qbb.cloudfront.net/js/jquery-3.5.1.min.dc5e7f18c8.js?site=634910f1d2f3b435adfff513	assets/d3e54v103j8qbb.cloudfront.net/jquery-3.5.1.min.dc5e7f18c8-f3e9321768.js
https://use.typekit.net/qjc6msf.js	assets/use.typekit.net/qjc6msf-c3a3e20f4d.js
